albanian,armenian,2.8571,3.7796,14.2857,20
albanian,latgalian,2.0,1.5811,2.5,20
albanian,latvian,1.7,1.5776,2.4889,17
albanian,lithuanian,2.0,1.446,2.0909,24
albanian,russian,2.2,1.2649,1.6,22
albanian,ukrainian,2.1429,1.6036,2.5714,30
albanian,bulgarian,2.0909,1.5076,2.2727,23
albanian,macedonian,2.4444,1.8333,3.3611,22
albanian,croatian,1.9091,1.5076,2.2727,21
albanian,slovene,1.8182,1.5076,2.2727,20
albanian,czech,1.6667,1.6667,2.7778,15
albanian,slovak,1.6,1.5811,2.5,16
albanian,polish,2.25,1.291,1.6667,36
albanian,breton,3.0,3.2447,10.5278,27
albanian,welsh,2.0,1.9861,3.9444,18
albanian,irish,2.4211,1.4848,2.2047,46
albanian,norwegian,2.0625,1.1236,1.2625,33
albanian,danish,1.2857,0.2673,0.0714,18
albanian,swedish,1.8889,0.8556,0.732,34
albanian,faroese,1.6923,0.3755,0.141,22
albanian,icelandic,1.9091,1.5076,2.2727,21
albanian,english,1.8,1.2293,1.5111,18
albanian,scots,1.9091,2.4121,5.8182,21
albanian,frisian,2.75,2.1933,4.8106,33
albanian,german,2.2308,2.2532,5.0769,29
albanian,wymysorys,1.1667,0.4082,0.1667,7
albanian,luxembourgish,3.1667,4.0639,16.5152,38
albanian,greek,2.25,1.557,2.4242,27
albanian,sanskrit,2.2857,2.9352,8.6154,32
albanian,awadhi,2.0,3.0403,9.2436,26
albanian,hindi,3.1875,2.8752,8.2667,51
albanian,nepali,1.9286,0.5789,0.3352,27
albanian,romanian,1.7692,0.0,0,23
albanian,italian,1.3333,0.3333,0.1111,12
albanian,ligurian,1.3846,0.0,0,18
albanian,french,4.1667,5.9518,35.4242,50
albanian,friulian,1.8,1.0801,1.1667,18
albanian,catalan,1.2,NaN,0,12
albanian,occitan,1.5,0.3162,0.1,15
albanian,mirandese,1.9,0.9487,0.9,19
albanian,spanish,2.2727,1.6011,2.5636,25
albanian,galician,1.5714,0.8018,0.6429,22
albanian,portuguese,1.5833,1.4434,2.0833,19
armenian,albanian,2.8571,3.7796,14.2857,20
armenian,latgalian,3.3333,3.9193,15.3611,30
armenian,latvian,2.5455,2.9419,8.6545,28
armenian,lithuanian,1.4545,0.4045,0.1636,16
armenian,russian,2.5,2.8284,8,25
armenian,ukrainian,3.1667,3.4761,12.0833,38
armenian,bulgarian,2.2727,2.7002,7.2909,25
armenian,macedonian,3.4286,3.3094,10.9524,24
armenian,croatian,2.3333,2.9768,8.8611,21
armenian,slovene,3.2222,3.9193,15.3611,29
armenian,czech,1.8,1.2649,1.6,18
armenian,slovak,3.7273,4.156,17.2727,41
armenian,polish,3.4286,3.1977,10.2253,48
armenian,breton,1.2,0.3162,0.1,12
armenian,welsh,1.625,1.069,1.1429,13
armenian,irish,1.9444,0.6978,0.4869,35
armenian,norwegian,2.3125,2.2061,4.8667,37
armenian,danish,4.5385,4.5021,20.2692,59
armenian,swedish,2.0625,0.9309,0.8667,33
armenian,faroese,2.1,0.9487,0.9,21
armenian,icelandic,5.4444,4.5765,20.9444,49
armenian,english,1.9333,1.6676,2.781,29
armenian,scots,1.8333,1.5448,2.3864,22
armenian,frisian,1.8,0.7432,0.5524,27
armenian,german,1.4615,0.8697,0.7564,19
armenian,wymysorys,1.4444,0.3333,0.1111,13
armenian,luxembourgish,4.1111,4.5,20.25,37
armenian,greek,2.4615,2.5445,6.4744,32
armenian,sanskrit,1.8333,1.2881,1.6591,22
armenian,awadhi,6.7857,6.9792,48.7088,95
armenian,hindi,2.2353,2.058,4.2353,38
armenian,nepali,1.9231,0.7679,0.5897,25
armenian,romanian,3.2727,3.6407,13.2545,36
armenian,italian,1.5556,1.3333,1.7778,14
armenian,ligurian,3.4167,4.0704,16.5682,41
armenian,french,2.0667,1.4041,1.9714,31
armenian,friulian,4.125,3.9438,15.5536,33
armenian,catalan,1.1111,0.0,0,10
armenian,occitan,4.2222,4.4284,19.6111,38
armenian,mirandese,3.1,3.7947,14.4,31
armenian,spanish,2.3,2.8067,7.8778,23
armenian,galician,3.0,3.5377,12.5152,36
armenian,portuguese,2.5455,2.3394,5.4727,28
latgalian,albanian,2.0,1.5811,2.5,20
latgalian,armenian,3.3333,3.9193,15.3611,30
latgalian,latvian,3.1667,3.6742,13.5,19
latgalian,lithuanian,1.4,0.4472,0.2,7
latgalian,russian,2.2,1.3416,1.8,11
latgalian,ukrainian,3.875,4.2003,17.6429,31
latgalian,bulgarian,3.2,1.7889,3.2,16
latgalian,macedonian,2.375,0.991,0.9821,19
latgalian,croatian,1.5714,0.9759,0.9524,11
latgalian,slovene,1.4286,0.488,0.2381,10
latgalian,czech,2.0,0.5345,0.2857,16
latgalian,slovak,5.4286,4.8107,23.1429,38
latgalian,polish,3.9,3.534,12.4889,39
latgalian,breton,2.1,2.1602,4.6667,21
latgalian,welsh,2.0,1.009,1.0182,22
latgalian,irish,2.6471,2.6276,6.9044,45
latgalian,norwegian,2.7647,2.1231,4.5074,47
latgalian,danish,5.3077,5.928,35.141,69
latgalian,swedish,2.3571,1.6104,2.5934,33
latgalian,faroese,2.5556,1.9365,3.75,23
latgalian,icelandic,3.375,1.8468,3.4107,27
latgalian,english,3.3077,3.7072,13.7436,43
latgalian,scots,1.4444,0.3333,0.1111,13
latgalian,frisian,2.0,0.7763,0.6026,26
latgalian,german,3.6364,3.9312,15.4545,40
latgalian,wymysorys,3.0,2.2638,5.125,24
latgalian,luxembourgish,1.3636,0.4671,0.2182,15
latgalian,greek,3.375,1.9594,3.8393,27
latgalian,sanskrit,5.2308,3.9968,15.9744,68
latgalian,awadhi,6.9231,6.6274,43.9231,90
latgalian,hindi,2.3529,2.0274,4.1103,40
latgalian,nepali,2.0,1.3973,1.9524,30
latgalian,romanian,4.7,4.2895,18.4,47
latgalian,italian,1.7143,0.488,0.2381,12
latgalian,ligurian,1.6667,1.0,1.0,15
latgalian,french,2.1538,1.6641,2.7692,28
latgalian,friulian,2.2857,1.1547,1.3333,16
latgalian,catalan,1.5556,0.441,0.1944,14
latgalian,occitan,4.5,5.5533,30.8393,36
latgalian,mirandese,1.125,0.0,0,9
latgalian,spanish,1.6,1.5776,2.4889,16
latgalian,galician,2.1,1.5239,2.3222,21
latgalian,portuguese,1.5556,0.441,0.1944,14
latvian,albanian,1.7,1.5776,2.4889,17
latvian,armenian,2.5455,2.9419,8.6545,28
latvian,latgalian,3.1667,3.6742,13.5,19
latvian,lithuanian,1.7143,0.0,0,12
latvian,russian,2.6,2.846,8.1,26
latvian,ukrainian,3.7692,4.1324,17.0769,49
latvian,bulgarian,3.4,3.7947,14.4,34
latvian,macedonian,3.4286,3.7607,14.1429,24
latvian,croatian,2.1111,2.0,4.0,19
latvian,slovene,3.7,3.9497,15.6,37
latvian,czech,2.2,2.6833,7.2,11
latvian,slovak,4.0,4.2426,18,8
latvian,polish,2.8462,2.8689,8.2308,37
latvian,breton,2.6364,3.1072,9.6545,29
latvian,welsh,3.4,2.3594,5.5667,34
latvian,irish,2.45,2.4554,6.0289,49
latvian,norwegian,2.2222,1.7235,2.9706,40
latvian,danish,4.7333,3.5617,12.6857,71
latvian,swedish,2.625,1.9397,3.7625,42
latvian,faroese,2.9091,2.2033,4.8545,32
latvian,icelandic,4.3333,3.542,12.5455,52
latvian,english,4.0909,3.9243,15.4,45
latvian,scots,3.0,3.3602,11.2909,33
latvian,frisian,2.5,1.7269,2.9821,20
latvian,german,2.5,1.5776,2.4889,25
latvian,wymysorys,2.1111,1.6583,2.75,19
latvian,luxembourgish,3.5,3.4514,11.9121,49
latvian,greek,3.6154,3.4119,11.641,47
latvian,sanskrit,2.0,1.9346,3.7429,30
latvian,awadhi,3.9167,3.7769,14.2652,47
latvian,hindi,2.2667,2.1381,4.5714,34
latvian,nepali,2.2105,2.3056,5.3158,42
latvian,romanian,3.375,3.3708,11.3625,54
latvian,italian,5.1667,4.5166,20.4,31
latvian,ligurian,3.0,2.8026,7.8545,33
latvian,french,2.0,1.7299,2.9924,24
latvian,friulian,3.8333,3.9875,15.9,23
latvian,catalan,4.125,4.2426,18,33
latvian,occitan,4.2222,3.5862,12.8611,38
latvian,mirandese,1.5,0.0,0,15
latvian,spanish,1.8333,1.446,2.0909,22
latvian,galician,2.5833,2.9886,8.9318,31
latvian,portuguese,3.0,3.5632,12.6964,24
lithuanian,albanian,2.0,1.446,2.0909,24
lithuanian,armenian,1.4545,0.4045,0.1636,16
lithuanian,latgalian,1.4,0.4472,0.2,7
lithuanian,latvian,1.7143,0.0,0,12
lithuanian,russian,2.875,2.1998,4.8393,23
lithuanian,ukrainian,5.0,4.7987,23.0278,45
lithuanian,bulgarian,2.2857,1.8645,3.4762,16
lithuanian,macedonian,2.2222,1.0541,1.1111,20
lithuanian,croatian,1.5,0.5175,0.2679,12
lithuanian,slovene,1.4,0.4216,0.1778,14
lithuanian,czech,2.0,0.5175,0.2679,16
lithuanian,slovak,4.2857,4.3916,19.2857,30
lithuanian,polish,2.2727,1.221,1.4909,25
lithuanian,breton,2.8182,2.2033,4.8545,31
lithuanian,welsh,2.7,2.8694,8.2333,27
lithuanian,irish,3.5385,3.6286,13.1667,46
lithuanian,norwegian,2.375,1.4083,1.9833,38
lithuanian,danish,2.5,2.2426,5.0292,40
lithuanian,swedish,4.9167,4.1588,17.2955,59
lithuanian,faroese,6.2857,4.0591,16.4762,44
lithuanian,icelandic,2.1818,1.446,2.0909,24
lithuanian,english,3.5,3.8612,14.9091,42
lithuanian,scots,1.4545,0.3015,0.0909,16
lithuanian,frisian,2.4545,1.5551,2.4182,27
lithuanian,german,3.9091,4.0587,16.4727,43
lithuanian,wymysorys,2.2727,1.5551,2.4182,25
lithuanian,luxembourgish,1.4286,0.4688,0.2198,20
lithuanian,greek,3.4,2.1108,4.4556,34
lithuanian,sanskrit,2.3846,1.6408,2.6923,31
lithuanian,awadhi,5.3571,5.711,32.6154,75
lithuanian,hindi,1.8824,0.8618,0.7426,32
lithuanian,nepali,2.0667,1.5675,2.4571,31
lithuanian,romanian,2.5,1.8007,3.2424,30
lithuanian,italian,3.5556,3.855,14.8611,32
lithuanian,ligurian,3.5455,3.5599,12.6727,39
lithuanian,french,2.1333,1.5523,2.4095,32
lithuanian,friulian,3.3333,3.5355,12.5,30
lithuanian,catalan,2.5455,3.2808,10.7636,28
lithuanian,occitan,2.0,1.6193,2.6222,20
lithuanian,mirandese,1.5556,1.0138,1.0278,14
lithuanian,spanish,2.0,1.446,2.0909,22
lithuanian,galician,3.5833,2.6799,7.1818,43
lithuanian,portuguese,1.9091,1.2136,1.4727,21
russian,albanian,2.2,1.2649,1.6,22
russian,armenian,2.5,2.8284,8,25
russian,latgalian,2.2,1.3416,1.8,11
russian,latvian,2.6,2.846,8.1,26
russian,lithuanian,2.875,2.1998,4.8393,23
russian,ukrainian,5.125,5.1669,26.6964,41
russian,bulgarian,1.2,NaN,0,6
russian,macedonian,2.1,1.075,1.1556,21
russian,croatian,2.4444,1.965,3.8611,22
russian,slovene,1.8,1.2649,1.6,18
russian,czech,2.3,1.5776,2.4889,23
russian,slovak,4.0909,4.2039,17.6727,45
russian,polish,4.25,3.6936,13.6429,34
russian,breton,2.3636,2.0494,4.2,26
russian,welsh,1.6154,0.3755,0.141,21
russian,irish,3.2143,3.5703,12.7473,45
russian,norwegian,2.1053,1.3157,1.731,40
russian,danish,3.7143,5.1681,26.7088,52
russian,swedish,2.8333,1.9924,3.9697,34
russian,faroese,2.1111,1.8028,3.25,19
russian,icelandic,1.7778,0.8819,0.7778,16
russian,english,2.8824,3.3365,11.1324,49
russian,scots,1.9167,1.4434,2.0833,23
russian,frisian,1.9333,0.7988,0.6381,29
russian,german,3.1429,3.6253,13.1429,44
russian,wymysorys,2.1818,1.2136,1.4727,24
russian,luxembourgish,1.3846,0.2774,0.0769,18
russian,greek,1.1667,0.0,0,7
russian,sanskrit,4.6923,3.9272,15.4231,61
russian,awadhi,5.1429,6.3803,40.7088,72
russian,hindi,2.0526,1.8369,3.3743,39
russian,nepali,2.7273,2.9108,8.4727,30
russian,romanian,4.5,4.2177,17.7889,45
russian,italian,2.7778,2.2048,4.8611,25
russian,ligurian,1.6,0.6749,0.4556,16
russian,french,2.125,1.0878,1.1833,34
russian,friulian,2.9,1.9551,3.8222,29
russian,catalan,2.1667,1.557,2.4242,26
russian,occitan,2.5455,1.834,3.3636,28
russian,mirandese,2.5,2.8577,8.1667,15
russian,spanish,2.3333,2.3452,5.5,21
russian,galician,3.1667,2.2747,5.1742,38
russian,portuguese,1.9167,1.4434,2.0833,23
ukrainian,albanian,2.1429,1.6036,2.5714,30
ukrainian,armenian,3.1667,3.4761,12.0833,38
ukrainian,latgalian,3.875,4.2003,17.6429,31
ukrainian,latvian,3.7692,4.1324,17.0769,49
ukrainian,lithuanian,5.0,4.7987,23.0278,45
ukrainian,russian,5.125,5.1669,26.6964,41
ukrainian,bulgarian,4.8571,4.4293,19.619,34
ukrainian,macedonian,2.9091,3.5802,12.8182,32
ukrainian,croatian,3.1,3.7178,13.8222,31
ukrainian,slovene,3.2222,3.9721,15.7778,29
ukrainian,czech,2.5833,2.5879,6.697,31
ukrainian,slovak,3.7692,3.9468,15.5769,49
ukrainian,polish,1.5,0.4629,0.2143,12
ukrainian,breton,1.6667,0.5774,0.3333,20
ukrainian,welsh,2.4615,2.4781,6.141,32
ukrainian,irish,2.6364,1.7477,3.0545,29
ukrainian,norwegian,2.375,1.3102,1.7167,38
ukrainian,danish,2.2667,1.8593,3.4571,34
ukrainian,swedish,2.75,1.8516,3.4286,22
ukrainian,faroese,3.0,2.6152,6.8393,24
ukrainian,icelandic,1.8,0.6749,0.4556,18
ukrainian,english,2.1875,1.0935,1.1958,35
ukrainian,scots,2.4,1.3499,1.8222,24
ukrainian,frisian,2.2,1.1212,1.2571,33
ukrainian,german,2.3077,1.3775,1.8974,30
ukrainian,wymysorys,2.3077,1.6641,2.7692,30
ukrainian,luxembourgish,1.5714,0.3631,0.1319,22
ukrainian,greek,3.4286,3.4157,11.6667,24
ukrainian,sanskrit,1.9286,0.9405,0.8846,27
ukrainian,awadhi,2.5333,1.7099,2.9238,38
ukrainian,hindi,1.9412,0.5286,0.2794,33
ukrainian,nepali,1.5556,1.3333,1.7778,14
ukrainian,romanian,3.25,2.0616,4.25,13
ukrainian,italian,3.25,3.704,13.7197,39
ukrainian,ligurian,3.0,3.433,11.7857,42
ukrainian,french,2.3333,1.6529,2.732,42
ukrainian,friulian,3.5,4.0497,16.4,35
ukrainian,catalan,3.3333,3.7009,13.697,40
ukrainian,occitan,2.5556,2.0276,4.1111,23
ukrainian,mirandese,4.2308,4.2713,18.2436,55
ukrainian,spanish,2.6154,2.619,6.859,34
ukrainian,galician,4.4545,4.98,24.8,49
ukrainian,portuguese,3.1,4.111,16.9,31
bulgarian,albanian,2.0909,1.5076,2.2727,23
bulgarian,armenian,2.2727,2.7002,7.2909,25
bulgarian,latgalian,3.2,1.7889,3.2,16
bulgarian,latvian,3.4,3.7947,14.4,34
bulgarian,lithuanian,2.2857,1.8645,3.4762,16
bulgarian,russian,1.2,NaN,0,6
bulgarian,ukrainian,4.8571,4.4293,19.619,34
bulgarian,macedonian,1.8889,0.7265,0.5278,17
bulgarian,croatian,2.375,1.7269,2.9821,19
bulgarian,slovene,1.625,0.7071,0.5,13
bulgarian,czech,2.3,1.567,2.4556,23
bulgarian,slovak,5.2,4.6476,21.6,52
bulgarian,polish,4.0,2.8067,7.8778,40
bulgarian,breton,1.3333,0.0,0,12
bulgarian,welsh,1.7692,0.8697,0.7564,23
bulgarian,irish,2.7857,2.8718,8.2473,39
bulgarian,norwegian,2.2941,2.0917,4.375,39
bulgarian,danish,5.8333,6.0528,36.6364,70
bulgarian,swedish,2.4615,1.6602,2.7564,32
bulgarian,faroese,2.4444,1.9437,3.7778,22
bulgarian,icelandic,2.7,1.7159,2.9444,27
bulgarian,english,1.6429,0.3631,0.1319,23
bulgarian,scots,2.25,1.7678,3.125,18
bulgarian,frisian,2.0667,0.9155,0.8381,31
bulgarian,german,1.5455,0.3015,0.0909,17
bulgarian,wymysorys,2.5,1.6193,2.6222,25
bulgarian,luxembourgish,1.4545,0.4045,0.1636,16
bulgarian,greek,3.6667,1.7512,3.0667,22
bulgarian,sanskrit,2.4286,2.3264,5.4121,34
bulgarian,awadhi,6.5,6.6502,44.2253,91
bulgarian,hindi,2.2105,1.9452,3.7836,42
bulgarian,nepali,2.8571,2.6777,7.1703,40
bulgarian,romanian,4.8,3.6591,13.3889,48
bulgarian,italian,2.1111,1.6667,2.7778,19
bulgarian,ligurian,1.8333,1.0731,1.1515,22
bulgarian,french,2.3571,1.6508,2.7253,33
bulgarian,friulian,2.375,1.8077,3.2679,19
bulgarian,catalan,1.7,0.6325,0.4,17
bulgarian,occitan,4.7778,5.0525,25.5278,43
bulgarian,mirandese,2.6,3.171,10.0556,26
bulgarian,spanish,2.5,2.2697,5.1515,30
bulgarian,galician,3.2727,2.8794,8.2909,36
bulgarian,portuguese,2.2,1.6364,2.6778,22
macedonian,albanian,2.4444,1.8333,3.3611,22
macedonian,armenian,1.8571,1.8645,3.4762,13
macedonian,latgalian,2.375,0.991,0.9821,19
macedonian,latvian,3.4286,3.7607,14.1429,24
macedonian,lithuanian,2.2222,1.0541,1.1111,20
macedonian,russian,2.1,1.075,1.1556,21
macedonian,ukrainian,2.9091,3.5802,12.8182,32
macedonian,bulgarian,1.8889,0.7265,0.5278,17
macedonian,croatian,1.5,0.0,0,6
macedonian,slovene,1.2,NaN,0,6
macedonian,czech,2.4,1.7321,3,12
macedonian,slovak,7.7143,4.3916,19.2857,54
macedonian,polish,3.2857,3.3594,11.2857,23
macedonian,breton,1.4286,0.7559,0.5714,10
macedonian,welsh,2.1818,1.5136,2.2909,24
macedonian,irish,2.5263,2.4944,6.2222,48
macedonian,norwegian,2.5,2.2202,4.9292,40
macedonian,danish,7.4167,4.033,16.2652,89
macedonian,swedish,2.0625,1.291,1.6667,33
macedonian,faroese,2.25,1.4434,2.0833,27
macedonian,icelandic,4.2,3.3993,11.5556,42
macedonian,english,2.4286,1.8051,3.2582,34
macedonian,scots,2.7778,1.7321,3.0,25
macedonian,frisian,2.0769,1.0316,1.0641,27
macedonian,german,2.0,1.2401,1.5379,24
macedonian,wymysorys,2.7778,1.7401,3.0278,25
macedonian,luxembourgish,5.0,4.1366,17.1111,45
macedonian,greek,2.4545,1.6404,2.6909,27
macedonian,sanskrit,2.2727,2.1826,4.7636,25
macedonian,awadhi,8.5455,6.4849,42.0545,94
macedonian,hindi,2.4286,2.2188,4.9231,34
macedonian,nepali,1.9286,1.3425,1.8022,27
macedonian,romanian,2.3333,1.6667,2.7778,21
macedonian,italian,3.5,3.5024,12.2667,21
macedonian,ligurian,4.625,4.6579,21.6964,37
macedonian,french,2.9167,2.0151,4.0606,35
macedonian,friulian,10.0,0.0,0,20
macedonian,catalan,1.2,NaN,0,6
macedonian,occitan,4.0,3.3877,11.4762,28
macedonian,mirandese,2.0,1.1595,1.3444,20
macedonian,spanish,1.8,1.5776,2.4889,18
macedonian,galician,3.5,4.1662,17.3571,28
macedonian,portuguese,2.6667,3.6742,13.5,16
croatian,albanian,1.9091,1.5076,2.2727,21
croatian,armenian,2.3333,2.9768,8.8611,21
croatian,latgalian,1.5714,0.5345,0.2857,11
croatian,latvian,2.1111,2.0,4.0,19
croatian,lithuanian,1.5,0.5175,0.2679,12
croatian,russian,2.4444,1.965,3.8611,22
croatian,ukrainian,3.1,3.7178,13.8222,31
croatian,bulgarian,2.375,1.7269,2.9821,19
croatian,macedonian,1.5,0.0,0,6
croatian,slovene,1.25,0.0,0,5
croatian,czech,1.625,0.3536,0.125,13
croatian,slovak,5.4444,4.7434,22.5,49
croatian,polish,1.875,0.9258,0.8571,15
croatian,breton,1.8889,1.2019,1.4444,17
croatian,welsh,1.6154,0.8697,0.7564,21
croatian,irish,2.5882,2.6192,6.8603,44
croatian,norwegian,2.0625,1.4083,1.9833,33
croatian,danish,4.6364,5.0865,25.8727,51
croatian,swedish,2.2667,1.4376,2.0667,34
croatian,faroese,2.4545,1.5551,2.4182,27
croatian,icelandic,4.6667,3.2016,10.25,42
croatian,english,1.8125,0.8944,0.8,29
croatian,scots,1.9,1.3499,1.8222,19
croatian,frisian,1.7857,0.6112,0.3736,25
croatian,german,1.6429,0.9376,0.8791,23
croatian,wymysorys,2.2,1.6364,2.6778,22
croatian,luxembourgish,1.3,0.4216,0.1778,13
croatian,greek,3.3,2.0248,4.1,33
croatian,sanskrit,2.2,2.1833,4.7667,22
croatian,awadhi,6.3636,6.3561,40.4,70
croatian,hindi,1.8667,0.8997,0.8095,28
croatian,nepali,2.0769,1.7022,2.8974,27
croatian,romanian,2.3333,1.7159,2.9444,21
croatian,italian,4.0,4.1833,17.5,24
croatian,ligurian,6.1667,4.446,19.7667,37
croatian,french,2.4615,1.9215,3.6923,32
croatian,friulian,3.4,4.4721,20,17
croatian,catalan,1.6,NaN,0,8
croatian,occitan,2.8,2.3022,5.3,14
croatian,mirandese,1.4286,0.7559,0.5714,10
croatian,spanish,2.7143,2.3604,5.5714,19
croatian,galician,2.2857,1.976,3.9048,16
croatian,portuguese,2.0,1.2247,1.5,12
slovene,albanian,1.8182,1.5076,2.2727,20
slovene,armenian,3.2222,3.9193,15.3611,29
slovene,latgalian,1.4286,0.488,0.2381,10
slovene,latvian,3.7,3.9497,15.6,37
slovene,lithuanian,1.4,0.4216,0.1778,14
slovene,russian,1.8,1.2649,1.6,18
slovene,ukrainian,3.2222,3.9721,15.7778,29
slovene,bulgarian,1.625,0.7071,0.5,13
slovene,macedonian,1.2,NaN,0,6
slovene,croatian,1.25,0.0,0,5
slovene,czech,2.5556,2.2236,4.9444,23
slovene,slovak,5.8,4.7434,22.5,58
slovene,polish,2.6364,2.6867,7.2182,29
slovene,breton,1.4,0.8433,0.7111,14
slovene,welsh,1.6364,0.9342,0.8727,18
slovene,irish,2.6667,2.5495,6.5,48
slovene,norwegian,2.1429,1.4676,2.1538,30
slovene,danish,5.0,5.1521,26.5444,50
slovene,swedish,2.2143,1.4392,2.0714,31
slovene,faroese,2.3636,1.6404,2.6909,26
slovene,icelandic,3.7778,3.0414,9.25,34
slovene,english,2.2143,1.7305,2.9945,31
slovene,scots,2.7143,1.9024,3.619,19
slovene,frisian,1.8,0.7368,0.5429,27
slovene,german,1.7273,1.0357,1.0727,19
slovene,wymysorys,2.3,1.5951,2.5444,23
slovene,luxembourgish,4.0,4.0311,16.25,36
slovene,greek,3.125,2.0529,4.2143,25
slovene,sanskrit,2.0,2.132,4.5455,24
slovene,awadhi,7.0909,6.226,38.7636,78
slovene,hindi,2.0,0.9962,0.9924,24
slovene,nepali,2.0833,1.505,2.2652,25
slovene,romanian,3.4444,3.1929,10.1944,31
slovene,italian,4.7143,4.5408,20.619,33
slovene,ligurian,3.5556,3.9405,15.5278,32
slovene,french,2.4615,1.9081,3.641,32
slovene,friulian,3.2,4.4721,20,16
slovene,catalan,1.5,0.0,0,6
slovene,occitan,3.4,2.881,8.3,17
slovene,mirandese,1.2,NaN,0,12
slovene,spanish,2.3,2.0976,4.4,23
slovene,galician,2.4286,1.976,3.9048,17
slovene,portuguese,2.0,1.3416,1.8,10
czech,albanian,1.6667,1.6667,2.7778,15
czech,armenian,1.8,1.2649,1.6,18
czech,latgalian,2.0,0.5345,0.2857,16
czech,latvian,1.8,0.4472,0.2,9
czech,lithuanian,2.0,0.5175,0.2679,16
czech,russian,2.3,1.5776,2.4889,23
czech,ukrainian,2.5833,2.5879,6.697,31
czech,bulgarian,2.3,1.567,2.4556,23
czech,macedonian,2.4,1.7321,3,12
czech,croatian,1.625,0.3536,0.125,13
czech,slovene,2.5556,2.2236,4.9444,23
czech,slovak,1.6667,0.5774,0.3333,5
czech,polish,2.0,0.6742,0.4545,22
czech,breton,1.8,1.2693,1.6111,18
czech,welsh,3.0,2.846,8.1,30
czech,irish,2.0526,1.2164,1.4795,39
czech,norwegian,2.8824,3.2062,10.2794,49
czech,danish,3.3333,2.8586,8.1714,50
czech,swedish,3.1875,3.2965,10.8667,51
czech,faroese,3.1818,3.1709,10.0545,35
czech,icelandic,1.8333,0.7977,0.6364,22
czech,english,3.6154,3.7553,14.1026,47
czech,scots,2.8889,5.3333,28.4444,26
czech,frisian,1.6667,0.7071,0.5,15
czech,german,4.6364,4.0339,16.2727,51
czech,wymysorys,2.0,1.6915,2.8611,18
czech,luxembourgish,2.5714,2.0979,4.4011,36
czech,greek,2.7692,1.8879,3.5641,36
czech,sanskrit,1.7692,1.3914,1.9359,23
czech,awadhi,3.0909,2.737,7.4909,34
czech,hindi,2.2667,2.1381,4.5714,34
czech,nepali,1.7778,0.9583,0.9183,32
czech,romanian,2.0714,1.0894,1.1868,29
czech,italian,2.8333,2.4221,5.8667,17
czech,ligurian,1.9167,1.7299,2.9924,23
czech,french,1.5,0.0,0,15
czech,friulian,2.8,2.6077,6.8,14
czech,catalan,2.5,2.3261,5.4107,20
czech,occitan,1.5,0.4216,0.1778,15
czech,mirandese,1.5455,0.3015,0.0909,17
czech,spanish,1.9167,1.4434,2.0833,23
czech,galician,2.0,1.804,3.2545,22
czech,portuguese,2.0,2.1002,4.4107,16
slovak,albanian,1.6,1.5811,2.5,16
slovak,armenian,3.7273,4.156,17.2727,41
slovak,latgalian,5.4286,4.8107,23.1429,38
slovak,latvian,10.0,0.0,0,20
slovak,lithuanian,4.2857,4.3916,19.2857,30
slovak,russian,4.0909,4.2039,17.6727,45
slovak,ukrainian,3.7692,3.9468,15.5769,49
slovak,bulgarian,5.2,4.6476,21.6,52
slovak,macedonian,7.7143,4.3916,19.2857,54
slovak,croatian,5.4444,4.7434,22.5,49
slovak,slovene,5.8,4.7434,22.5,58
slovak,czech,10.0,0.0,0,30
slovak,polish,5.1538,4.4635,19.9231,67
slovak,breton,4.5455,4.5407,20.6182,50
slovak,welsh,4.6,4.0346,16.2778,46
slovak,irish,2.85,2.8996,8.4079,57
slovak,norwegian,4.2778,4.2642,18.183,77
slovak,danish,1.1333,NaN,0,17
slovak,swedish,4.3125,4.272,18.25,69
slovak,faroese,4.8182,4.5407,20.6182,53
slovak,icelandic,5.25,4.5218,20.447,63
slovak,english,3.8333,3.8406,14.75,46
slovak,scots,6.6364,5.6809,32.2727,73
slovak,frisian,2.0,0.9161,0.8393,16
slovak,german,6.2727,4.4681,19.9636,69
slovak,wymysorys,2.0,1.6915,2.8611,18
slovak,luxembourgish,5.0,4.4272,19.6,75
slovak,greek,4.3077,3.8264,14.641,56
slovak,sanskrit,2.9286,3.3611,11.2967,41
slovak,awadhi,1.4545,1.5076,2.2727,16
slovak,hindi,2.1875,2.0807,4.3292,35
slovak,nepali,2.8947,3.3717,11.3684,55
slovak,romanian,4.9375,4.5,20.25,79
slovak,italian,8.6667,3.6742,13.5,52
slovak,ligurian,5.8333,4.7001,22.0909,70
slovak,french,1.4545,NaN,0,16
slovak,friulian,7.3333,4.6476,21.6,44
slovak,catalan,6.75,4.6579,21.6964,54
slovak,occitan,5.3333,4.7434,22.5,48
slovak,mirandese,3.0909,3.6407,13.2545,34
slovak,spanish,3.3333,3.5675,12.7273,40
slovak,galician,4.3333,4.4313,19.6364,52
slovak,portuguese,5.625,4.8107,23.1429,45
polish,albanian,2.25,1.291,1.6667,36
polish,armenian,3.4286,3.1977,10.2253,48
polish,latgalian,3.9,3.534,12.4889,39
polish,latvian,2.8462,2.8689,8.2308,37
polish,lithuanian,2.2727,1.221,1.4909,25
polish,russian,2.25,1.2817,1.6429,18
polish,ukrainian,1.5,0.4629,0.2143,12
polish,bulgarian,4.0,2.8067,7.8778,40
polish,macedonian,3.2857,3.3594,11.2857,23
polish,croatian,1.875,0.9258,0.8571,15
polish,slovene,2.6364,2.6867,7.2182,29
polish,czech,2.0,0.6742,0.4545,22
polish,slovak,5.1538,4.4635,19.9231,67
polish,breton,2.2,1.3984,1.9556,22
polish,welsh,2.0625,1.1955,1.4292,33
polish,irish,4.2,4.9261,24.2667,63
polish,norwegian,1.9444,1.0922,1.1928,35
polish,danish,1.9286,1.3986,1.956,27
polish,swedish,2.0,1.4142,2,22
polish,faroese,2.4167,1.7753,3.1515,29
polish,icelandic,2.6364,1.6293,2.6545,29
polish,english,2.1,1.0311,1.0632,42
polish,scots,2.4615,1.354,1.8333,32
polish,frisian,1.875,0.7746,0.6,30
polish,german,2.0,1.0847,1.1765,36
polish,wymysorys,2.6154,1.472,2.1667,34
polish,luxembourgish,2.1429,2.3812,5.6703,30
polish,greek,4.1111,4.5,20.25,37
polish,sanskrit,1.9167,0.9962,0.9924,23
polish,awadhi,3.0769,2.7269,7.4359,40
polish,hindi,1.8824,0.5623,0.3162,32
polish,nepali,2.0909,1.5783,2.4909,23
polish,romanian,3.6667,2.582,6.6667,22
polish,italian,3.4545,2.8794,8.2909,38
polish,ligurian,2.3333,2.1213,4.5,21
polish,french,2.4706,1.4803,2.1912,42
polish,friulian,3.5,3.2266,10.4107,28
polish,catalan,2.9091,2.8381,8.0545,32
polish,occitan,2.1818,1.4709,2.1636,24
polish,mirandese,3.5455,2.6181,6.8545,39
polish,spanish,2.3636,1.5783,2.4909,26
polish,galician,3.125,3.4122,11.6429,25
polish,portuguese,2.5,2.846,8.1,25
breton,albanian,3.0,3.2447,10.5278,27
breton,armenian,1.2,0.3162,0.1,12
breton,latgalian,2.1,2.1602,4.6667,21
breton,latvian,2.6364,3.1072,9.6545,29
breton,lithuanian,2.8182,2.2033,4.8545,31
breton,russian,2.3636,2.0494,4.2,26
breton,ukrainian,1.6667,0.5774,0.3333,20
breton,bulgarian,1.3333,0.0,0,12
breton,macedonian,1.4286,0.7559,0.5714,10
breton,croatian,1.8889,1.2019,1.4444,17
breton,slovene,1.7,1.1595,1.3444,17
breton,czech,1.8,1.2693,1.6111,18
breton,slovak,4.5455,4.5407,20.6182,50
breton,polish,2.2,1.3984,1.9556,22
breton,welsh,1.3571,0.4258,0.1813,19
breton,irish,2.9333,2.7689,7.6667,44
breton,norwegian,1.6667,0.7432,0.5524,25
breton,danish,1.9231,1.4632,2.141,25
breton,swedish,1.875,1.3102,1.7167,30
breton,faroese,1.8571,1.3927,1.9396,26
breton,icelandic,1.7692,1.5484,2.3974,23
breton,english,2.2308,1.8913,3.5769,29
breton,scots,1.5455,1.206,1.4545,17
breton,frisian,1.7333,0.7237,0.5238,26
breton,german,1.5833,1.1645,1.3561,19
breton,wymysorys,1.8333,1.446,2.0909,22
breton,luxembourgish,3.3636,2.656,7.0545,37
breton,greek,2.1429,1.5424,2.3791,30
breton,sanskrit,2.3333,2.0597,4.2424,28
breton,awadhi,2.3333,1.6847,2.8381,35
breton,hindi,1.5263,0.5015,0.2515,29
breton,nepali,2.1538,1.4367,2.0641,28
breton,romanian,2.0833,1.505,2.2652,25
breton,italian,2.1818,2.0494,4.2,24
breton,ligurian,1.3636,0.6467,0.4182,15
breton,french,2.4615,1.9081,3.641,32
breton,friulian,2.4444,2.2361,5.0,22
breton,catalan,2.2,1.9437,3.7778,22
breton,occitan,2.2,1.7512,3.0667,22
breton,mirandese,2.4,2.0976,4.4,24
breton,spanish,1.8,1.567,2.4556,18
breton,galician,1.5,1.2649,1.6,15
breton,portuguese,1.8,1.3499,1.8222,18
welsh,albanian,2.0,1.9861,3.9444,18
welsh,armenian,1.625,1.069,1.1429,13
welsh,latgalian,2.0,1.009,1.0182,22
welsh,latvian,3.4,2.3594,5.5667,34
welsh,lithuanian,2.7,2.8694,8.2333,27
welsh,russian,1.6154,0.3755,0.141,21
welsh,ukrainian,2.4615,2.4781,6.141,32
welsh,bulgarian,1.7692,0.8697,0.7564,23
welsh,macedonian,2.1818,1.5136,2.2909,24
welsh,croatian,1.6154,0.8697,0.7564,21
welsh,slovene,1.6364,0.9342,0.8727,18
welsh,czech,3.0,2.846,8.1,30
welsh,slovak,4.6,4.0346,16.2778,46
welsh,polish,2.0625,1.1955,1.4292,33
welsh,breton,1.3571,0.4258,0.1813,19
welsh,irish,1.8824,0.7524,0.5662,32
welsh,norwegian,3.5,3.6951,13.6538,49
welsh,danish,1.8462,1.0919,1.1923,24
welsh,swedish,3.25,3.4411,11.8409,39
welsh,faroese,4.2857,4.3916,19.2857,30
welsh,icelandic,1.6667,0.7071,0.5,15
welsh,english,2.4,2.5734,6.6222,24
welsh,scots,3.1,3.1073,9.6556,31
welsh,frisian,3.0,2.4552,6.0278,27
welsh,german,4.7778,4.0859,16.6944,43
welsh,wymysorys,2.8,2.0656,4.2667,28
welsh,luxembourgish,2.8333,3.3394,11.1515,34
welsh,greek,1.5833,0.3892,0.1515,19
welsh,sanskrit,2.0,1.2924,1.6703,28
welsh,awadhi,8.7692,7.4765,55.8974,114
welsh,hindi,3.2143,2.9576,8.7473,45
welsh,nepali,1.75,0.5774,0.3333,28
welsh,romanian,1.7333,0.414,0.1714,26
welsh,italian,1.4444,1.0138,1.0278,13
welsh,ligurian,1.2857,0.2673,0.0714,18
welsh,french,2.5333,1.6847,2.8381,38
welsh,friulian,2.2,1.5951,2.5444,22
welsh,catalan,1.4444,1.0138,1.0278,13
welsh,occitan,1.5455,0.9244,0.8545,17
welsh,mirandese,1.3571,0.2673,0.0714,19
welsh,spanish,1.4615,0.4385,0.1923,19
welsh,galician,1.7273,1.2136,1.4727,19
welsh,portuguese,1.2727,0.4671,0.2182,14
irish,albanian,2.4211,1.4848,2.2047,46
irish,armenian,1.9444,0.6978,0.4869,35
irish,latgalian,2.6471,2.6276,6.9044,45
irish,latvian,2.45,2.4554,6.0289,49
irish,lithuanian,3.5385,3.6286,13.1667,46
irish,russian,3.2143,3.5703,12.7473,45
irish,ukrainian,2.6364,1.7477,3.0545,29
irish,bulgarian,2.7857,2.8718,8.2473,39
irish,macedonian,2.5263,2.4944,6.2222,48
irish,croatian,2.5882,2.6192,6.8603,44
irish,slovene,2.6667,2.5495,6.5,48
irish,czech,2.0526,1.2164,1.4795,39
irish,slovak,2.85,2.8996,8.4079,57
irish,polish,4.2,4.9261,24.2667,63
irish,breton,2.9333,2.7689,7.6667,44
irish,welsh,1.8824,0.7524,0.5662,32
irish,norwegian,3.3333,4.032,16.2571,50
irish,danish,3.5263,4.0552,16.4444,67
irish,swedish,2.0,1.1507,1.3242,28
irish,faroese,3.8462,4.2336,17.9231,50
irish,icelandic,2.7647,2.6871,7.2206,47
irish,english,2.2353,1.2805,1.6397,38
irish,scots,2.1875,1.3166,1.7333,35
irish,frisian,2.3333,2.1213,4.5,42
irish,german,2.125,1.315,1.7292,34
irish,wymysorys,2.25,1.429,2.0421,45
irish,luxembourgish,1.7778,0.5745,0.3301,32
irish,greek,2.8667,3.2264,10.4095,43
irish,sanskrit,2.1765,1.1695,1.3676,37
irish,awadhi,3.0952,3.3259,11.0619,65
irish,hindi,1.7727,0.2132,0.0455,39
irish,nepali,1.3636,0.3015,0.0909,15
irish,romanian,2.6923,1.8081,3.2692,35
irish,italian,3.05,3.2525,10.5789,61
irish,ligurian,3.1,3.2298,10.4316,62
irish,french,2.16,1.2949,1.6767,54
irish,friulian,2.65,2.5189,6.3447,53
irish,catalan,2.7,2.5189,6.3447,54
irish,occitan,2.2222,1.4874,2.2124,40
irish,mirandese,3.6875,3.6606,13.4,59
irish,spanish,3.2667,4.1312,17.0667,49
irish,galician,3.9444,4.5277,20.5,71
irish,portuguese,2.5789,2.4944,6.2222,49
norwegian,albanian,2.0625,1.1236,1.2625,33
norwegian,armenian,2.3125,2.2061,4.8667,37
norwegian,latgalian,2.7647,2.1231,4.5074,47
norwegian,latvian,2.2222,1.7235,2.9706,40
norwegian,lithuanian,2.375,1.4083,1.9833,38
norwegian,russian,2.1053,1.3157,1.731,40
norwegian,ukrainian,2.375,1.3102,1.7167,38
norwegian,bulgarian,2.2941,2.0917,4.375,39
norwegian,macedonian,2.5,2.2202,4.9292,40
norwegian,croatian,2.0625,1.4083,1.9833,33
norwegian,slovene,2.1429,1.4676,2.1538,30
norwegian,czech,2.8824,3.2062,10.2794,49
norwegian,slovak,4.2778,4.2642,18.183,77
norwegian,polish,1.9444,1.0922,1.1928,35
norwegian,breton,1.6667,0.7432,0.5524,25
norwegian,welsh,3.1429,2.9576,8.7473,44
norwegian,irish,3.3333,4.032,16.2571,50
norwegian,danish,1.6429,1.0163,1.033,23
norwegian,swedish,1.9333,1.1872,1.4095,29
norwegian,faroese,2.0714,2.1636,4.6813,29
norwegian,icelandic,1.8824,1.2632,1.5956,32
norwegian,english,4.1538,4.1833,17.5,54
norwegian,scots,3.0,2.7689,7.6667,39
norwegian,frisian,3.2667,3.7033,13.7143,49
norwegian,german,2.5455,2.4643,6.0727,28
norwegian,wymysorys,1.75,0.9574,0.9167,28
norwegian,luxembourgish,2.8,2.3503,5.5238,42
norwegian,greek,2.4118,1.4527,2.1103,41
norwegian,sanskrit,3.8462,4.3853,19.2308,50
norwegian,awadhi,4.4,5.3408,28.5238,66
norwegian,hindi,1.9231,1.05,1.1026,25
norwegian,nepali,3.1429,3.3447,11.1868,44
norwegian,romanian,2.1875,1.1955,1.4292,35
norwegian,italian,2.2941,2.2013,4.8456,39
norwegian,ligurian,1.8235,1.3666,1.8676,31
norwegian,french,2.0,1.7647,3.1143,42
norwegian,friulian,2.3529,2.2013,4.8456,40
norwegian,catalan,1.9286,1.4917,2.2253,27
norwegian,occitan,2.0,1.4573,2.1238,30
norwegian,mirandese,1.8235,1.1213,1.2574,31
norwegian,spanish,2.0588,1.6156,2.6103,35
norwegian,galician,1.6471,0.8745,0.7647,28
norwegian,portuguese,2.2667,2.1865,4.781,34
danish,albanian,1.2857,0.2673,0.0714,18
danish,armenian,1.0769,0.2774,0.0769,14
danish,latgalian,5.3077,5.928,35.141,69
danish,latvian,4.7333,3.5617,12.6857,71
danish,lithuanian,2.5,2.2426,5.0292,40
danish,russian,3.7143,5.1681,26.7088,52
danish,ukrainian,2.2667,1.8593,3.4571,34
danish,bulgarian,5.8333,6.0528,36.6364,70
danish,macedonian,5.5833,5.9918,35.9015,67
danish,croatian,4.6364,5.0865,25.8727,51
danish,slovene,5.0,5.1521,26.5444,50
danish,czech,3.3333,2.8586,8.1714,50
danish,slovak,1.1333,NaN,0,17
danish,polish,1.9286,1.3986,1.956,27
danish,breton,1.9231,1.4632,2.141,25
danish,welsh,1.8462,1.0919,1.1923,24
danish,irish,3.5263,4.0552,16.4444,67
danish,norwegian,1.6429,1.0163,1.033,23
danish,swedish,2.1333,1.6125,2.6,32
danish,faroese,1.5,0.3892,0.1515,18
danish,icelandic,1.25,0.0,0,10
danish,english,1.5,0.6021,0.3625,24
danish,scots,3.1,2.8674,8.2222,31
danish,frisian,2.0,1.1383,1.2958,32
danish,german,1.7143,1.0082,1.0165,24
danish,wymysorys,3.3636,2.1192,4.4909,37
danish,luxembourgish,1.2,0.3162,0.1,12
danish,greek,6.0,6.5095,42.3736,84
danish,sanskrit,3.6923,5.5157,30.4231,48
danish,awadhi,3.2222,6.0,36,29
danish,hindi,1.8667,0.9904,0.981,28
danish,nepali,1.5,0.25,0.0625,24
danish,romanian,1.8667,0.7368,0.5429,28
danish,italian,7.0,4.7213,22.2909,77
danish,ligurian,4.0,5.9777,35.7333,40
danish,french,3.5,3.4761,12.0833,42
danish,friulian,5.9,6.5056,42.3222,59
danish,catalan,7.5,4.4272,19.6,75
danish,occitan,1.1,NaN,0,11
danish,mirandese,2.0,3.0984,9.6,30
danish,spanish,4.1429,5.9743,35.6923,58
danish,galician,1.7,0.9718,0.9444,17
danish,portuguese,1.5455,1.5076,2.2727,17
swedish,albanian,1.8889,0.8556,0.732,34
swedish,armenian,2.0625,0.9309,0.8667,33
swedish,latgalian,2.3571,1.6104,2.5934,33
swedish,latvian,2.625,1.9397,3.7625,42
swedish,lithuanian,4.9167,4.1588,17.2955,59
swedish,russian,2.3333,2.0597,4.2424,28
swedish,ukrainian,2.75,1.8516,3.4286,22
swedish,bulgarian,2.4615,1.6602,2.7564,32
swedish,macedonian,2.0625,1.291,1.6667,33
swedish,croatian,2.2667,1.4376,2.0667,34
swedish,slovene,2.2143,1.4392,2.0714,31
swedish,czech,3.1875,3.2965,10.8667,51
swedish,slovak,4.3125,4.272,18.25,69
swedish,polish,1.1818,0.4045,0.1636,13
swedish,breton,1.875,1.3102,1.7167,30
swedish,welsh,3.25,3.4411,11.8409,39
swedish,irish,2.0,1.1507,1.3242,28
swedish,norwegian,1.9333,1.1872,1.4095,29
swedish,danish,2.1333,1.6125,2.6,32
swedish,faroese,2.3333,1.6021,2.5667,14
swedish,icelandic,2.1818,1.0445,1.0909,24
swedish,english,2.0588,1.2277,1.5074,35
swedish,scots,2.3333,1.2799,1.6381,35
swedish,frisian,1.8462,0.2774,0.0769,24
swedish,german,2.0833,0.9962,0.9924,25
swedish,wymysorys,2.0667,0.8338,0.6952,31
swedish,luxembourgish,1.6471,0.7123,0.5074,28
swedish,greek,2.2727,1.4013,1.9636,25
swedish,sanskrit,2.4667,1.1464,1.3143,37
swedish,awadhi,2.625,1.682,2.8292,42
swedish,hindi,2.0625,0.7188,0.5167,33
swedish,nepali,1.4545,0.6467,0.4182,16
swedish,romanian,2.0,1.4013,1.9636,22
swedish,italian,2.8667,2.9244,8.5524,43
swedish,ligurian,3.0714,3.2548,10.5934,43
swedish,french,2.2,1.1425,1.3053,44
swedish,friulian,2.8571,2.6818,7.1923,40
swedish,catalan,2.7333,2.582,6.6667,41
swedish,occitan,2.1538,0.9871,0.9744,28
swedish,mirandese,3.2667,3.3352,11.1238,49
swedish,spanish,1.875,1.25,1.5625,30
swedish,galician,3.3846,3.1317,9.8077,44
swedish,portuguese,2.3571,1.4917,2.2253,33
faroese,albanian,1.6923,0.3755,0.141,22
faroese,armenian,2.1,0.9487,0.9,21
faroese,latgalian,2.5556,1.9365,3.75,23
faroese,latvian,2.9091,2.2033,4.8545,32
faroese,lithuanian,6.2857,4.0591,16.4762,44
faroese,russian,2.1111,1.8028,3.25,19
faroese,ukrainian,3.0,2.6152,6.8393,24
faroese,bulgarian,4.4444,4.6398,21.5278,40
faroese,macedonian,2.25,1.4434,2.0833,27
faroese,croatian,2.4545,1.5551,2.4182,27
faroese,slovene,2.3636,1.6404,2.6909,26
faroese,czech,3.1818,3.1709,10.0545,35
faroese,slovak,4.8182,4.5407,20.6182,53
faroese,polish,2.4167,1.7753,3.1515,29
faroese,breton,1.8571,1.3927,1.9396,26
faroese,welsh,4.2857,4.3916,19.2857,30
faroese,irish,3.8462,4.2336,17.9231,50
faroese,norwegian,2.0714,2.1636,4.6813,29
faroese,danish,1.5,0.3892,0.1515,18
faroese,swedish,2.3333,1.6021,2.5667,14
faroese,icelandic,2.3333,1.2649,1.6,14
faroese,english,2.0,1.2459,1.5524,30
faroese,scots,2.0,1.1929,1.4231,26
faroese,frisian,2.0,0.0,0,18
faroese,german,1.9,0.9661,0.9333,19
faroese,wymysorys,1.9091,0.4671,0.2182,21
faroese,luxembourgish,1.5,0.6112,0.3736,21
faroese,greek,2.8,1.8738,3.5111,28
faroese,sanskrit,3.0,2.2787,5.1923,39
faroese,awadhi,5.0714,6.6634,44.4011,71
faroese,hindi,1.9412,0.8618,0.7426,33
faroese,nepali,1.8462,0.8697,0.7564,24
faroese,romanian,1.7273,0.8202,0.6727,19
faroese,italian,3.0,3.7491,14.0556,30
faroese,ligurian,2.6154,3.2817,10.7692,34
faroese,french,2.0625,1.0247,1.05,33
faroese,friulian,2.8,3.0984,9.6,28
faroese,catalan,2.8333,2.8749,8.2652,34
faroese,occitan,2.0,0.9487,0.9,20
faroese,mirandese,3.2727,3.7635,14.1636,36
faroese,spanish,2.0909,1.446,2.0909,23
faroese,galician,3.6,4.5995,21.1556,36
faroese,portuguese,2.1667,1.4848,2.2045,26
icelandic,albanian,1.9091,1.5076,2.2727,21
icelandic,armenian,5.4444,4.5765,20.9444,49
icelandic,latgalian,3.0,2.2039,4.8571,24
icelandic,latvian,4.3333,3.542,12.5455,52
icelandic,lithuanian,2.1818,1.446,2.0909,24
icelandic,russian,1.7778,0.8819,0.7778,16
icelandic,ukrainian,1.8,0.6749,0.4556,18
icelandic,bulgarian,2.7,1.7159,2.9444,27
icelandic,macedonian,4.2,3.3993,11.5556,42
icelandic,croatian,2.4444,1.8105,3.2778,22
icelandic,slovene,3.7778,3.0414,9.25,34
icelandic,czech,1.8333,0.7977,0.6364,22
icelandic,slovak,5.25,4.5218,20.447,63
icelandic,polish,2.6364,1.6293,2.6545,29
icelandic,breton,1.7692,1.5484,2.3974,23
icelandic,welsh,1.6667,0.7071,0.5,15
icelandic,irish,2.7647,2.6871,7.2206,47
icelandic,norwegian,1.8824,1.2632,1.5956,32
icelandic,danish,1.25,0.0,0,10
icelandic,swedish,2.1818,1.0445,1.0909,24
icelandic,faroese,2.3333,1.2649,1.6,14
icelandic,english,1.5882,0.7717,0.5956,27
icelandic,scots,1.8182,1.2933,1.6727,20
icelandic,frisian,1.6154,0.2774,0.0769,21
icelandic,german,1.7143,0.9405,0.8846,24
icelandic,wymysorys,3.2222,2.1213,4.5,29
icelandic,luxembourgish,1.8333,1.7645,3.1136,22
icelandic,greek,5.375,5.7678,33.2679,43
icelandic,sanskrit,2.9091,2.7863,7.7636,32
icelandic,awadhi,7.7273,7.4064,54.8545,85
icelandic,hindi,2.0,0.9661,0.9333,32
icelandic,nepali,1.8462,0.7763,0.6026,24
icelandic,romanian,2.2727,1.2505,1.5636,25
icelandic,italian,4.5,4.1209,16.9821,36
icelandic,ligurian,3.2222,3.898,15.1944,29
icelandic,french,2.5385,1.7246,2.9744,33
icelandic,friulian,5.125,3.9438,15.5536,41
icelandic,catalan,4.7,3.6878,13.6,47
icelandic,occitan,2.75,1.7678,3.125,22
icelandic,mirandese,1.3,0.6325,0.4,13
icelandic,spanish,1.8571,1.8645,3.4762,13
icelandic,galician,2.2857,1.8898,3.5714,16
icelandic,portuguese,3.5,3.084,9.5111,35
english,albanian,4.5,4.0893,16.7222,45
english,armenian,1.9333,1.6676,2.781,29
english,latgalian,3.3077,3.7072,13.7436,43
english,latvian,4.0909,3.9243,15.4,45
english,lithuanian,3.5,3.8612,14.9091,42
english,russian,2.8824,3.3365,11.1324,49
english,ukrainian,2.1875,1.0935,1.1958,35
english,bulgarian,1.6429,0.3631,0.1319,23
english,macedonian,2.4286,1.8051,3.2582,34
english,croatian,1.8125,0.8944,0.8,29
english,slovene,2.2143,1.7305,2.9945,31
english,czech,3.6154,3.7553,14.1026,47
english,slovak,3.8333,3.8406,14.75,46
english,polish,2.1,1.0311,1.0632,42
english,breton,2.2308,1.8913,3.5769,29
english,welsh,2.4,2.5734,6.6222,24
english,irish,2.2353,1.2805,1.6397,38
english,norwegian,4.1538,4.1833,17.5,54
english,danish,1.5,0.6021,0.3625,24
english,swedish,2.0588,1.2277,1.5074,35
english,faroese,2.0,1.2459,1.5524,30
english,icelandic,1.5882,0.7717,0.5956,27
english,scots,1.6,0.9661,0.9333,16
english,frisian,3.5833,2.5746,6.6288,43
english,german,2.0,1.633,2.6667,12
english,wymysorys,3.3333,3.7254,13.8788,40
english,luxembourgish,2.0833,1.4848,2.2045,25
english,greek,2.125,1.25,1.5625,34
english,sanskrit,2.0,1.5121,2.2865,38
english,awadhi,1.8824,1.5904,2.5294,32
english,hindi,3.125,2.7681,7.6625,50
english,nepali,2.2105,1.5294,2.3392,42
english,romanian,2.2778,1.5645,2.4477,41
english,italian,2.9286,3.5987,12.9505,41
english,ligurian,1.6471,0.8618,0.7426,28
english,french,4.3125,5.4829,30.0625,69
english,friulian,2.0,1.1464,1.3143,30
english,catalan,2.0,1.7478,3.0549,28
english,occitan,1.6875,0.8921,0.7958,27
english,mirandese,2.875,3.4254,11.7333,46
english,spanish,1.8333,1.149,1.3203,33
english,galician,1.7778,0.9852,0.9706,32
english,portuguese,1.6429,0.9405,0.8846,23
scots,albanian,1.9091,2.4121,5.8182,21
scots,armenian,1.8333,1.5448,2.3864,22
scots,latgalian,1.4444,0.3333,0.1111,13
scots,latvian,3.0,3.3602,11.2909,33
scots,lithuanian,1.4545,0.3015,0.0909,16
scots,russian,1.9167,1.4434,2.0833,23
scots,ukrainian,2.4,1.3499,1.8222,24
scots,bulgarian,2.25,1.7678,3.125,18
scots,macedonian,2.7778,1.7321,3.0,25
scots,croatian,1.9,1.3499,1.8222,19
scots,slovene,2.7143,1.9024,3.619,19
scots,czech,2.8889,5.3333,28.4444,26
scots,slovak,6.6364,5.6809,32.2727,73
scots,polish,2.4615,1.354,1.8333,32
scots,breton,1.5455,1.206,1.4545,17
scots,welsh,2.3,1.7029,2.9,23
scots,irish,2.1875,1.3166,1.7333,35
scots,norwegian,2.4615,2.2955,5.2692,32
scots,danish,3.1,2.8674,8.2222,31
scots,swedish,2.3333,1.2799,1.6381,35
scots,faroese,2.0,1.1929,1.4231,26
scots,icelandic,1.8182,1.2933,1.6727,20
scots,english,1.6,0.9661,0.9333,16
scots,frisian,2.2308,1.3821,1.9103,29
scots,german,2.25,1.3887,1.9286,18
scots,wymysorys,2.0,1.3944,1.9444,18
scots,luxembourgish,2.4,1.8738,3.5111,24
scots,greek,3.2,2.0028,4.0111,32
scots,sanskrit,2.0667,1.7915,3.2095,31
scots,awadhi,9.5833,7.0903,50.2727,115
scots,hindi,2.9231,2.8171,7.9359,38
scots,nepali,2.1875,1.4009,1.9625,35
scots,romanian,2.5833,1.5643,2.447,31
scots,italian,1.375,1.0607,1.125,11
scots,ligurian,1.75,1.2432,1.5455,21
scots,french,3.3333,4.7832,22.8788,40
scots,friulian,2.5,1.598,2.5536,20
scots,catalan,2.4286,1.9024,3.619,17
scots,occitan,1.8889,1.4142,2.0,17
scots,mirandese,1.2857,NaN,0,18
scots,spanish,1.8571,1.4469,2.0934,26
scots,galician,2.0,1.4944,2.2333,20
scots,portuguese,2.0,1.6733,2.8,12
frisian,albanian,2.75,2.1933,4.8106,33
frisian,armenian,1.8,0.7432,0.5524,27
frisian,latgalian,2.0,0.7763,0.6026,26
frisian,latvian,2.5,1.7269,2.9821,20
frisian,lithuanian,2.4545,1.5551,2.4182,27
frisian,russian,1.9333,0.7988,0.6381,29
frisian,ukrainian,2.2,1.1212,1.2571,33
frisian,bulgarian,2.0667,0.9155,0.8381,31
frisian,macedonian,2.0769,1.0316,1.0641,27
frisian,croatian,1.7857,0.6112,0.3736,25
frisian,slovene,1.8,0.7368,0.5429,27
frisian,czech,1.6667,0.7071,0.5,15
frisian,slovak,2.0,0.9161,0.8393,16
frisian,polish,1.875,0.7746,0.6,30
frisian,breton,1.7333,0.7237,0.5238,26
frisian,welsh,3.0,2.4552,6.0278,27
frisian,irish,2.3333,2.1213,4.5,42
frisian,norwegian,3.2667,3.7033,13.7143,49
frisian,danish,2.0,1.1383,1.2958,32
frisian,swedish,1.8462,0.2774,0.0769,24
frisian,faroese,2.0,0.0,0,18
frisian,icelandic,1.6154,0.2774,0.0769,21
frisian,english,3.5833,2.5746,6.6288,43
frisian,scots,2.2308,1.3821,1.9103,29
frisian,german,3.8,3.6271,13.1556,38
frisian,wymysorys,2.2,1.5635,2.4444,22
frisian,luxembourgish,1.9474,0.9551,0.9123,37
frisian,greek,2.125,1.0935,1.1958,34
frisian,sanskrit,1.9333,1.5523,2.4095,29
frisian,awadhi,2.0714,1.7478,3.0549,29
frisian,hindi,1.6923,0.9608,0.9231,22
frisian,nepali,1.75,0.4894,0.2395,35
frisian,romanian,1.8947,0.6534,0.4269,36
frisian,italian,1.6,0.4216,0.1778,16
frisian,ligurian,1.5,0.25,0.0625,24
frisian,french,1.9167,1.2154,1.4773,23
frisian,friulian,2.0,0.9962,0.9924,24
frisian,catalan,1.8333,0.7977,0.6364,22
frisian,occitan,1.7692,0.6304,0.3974,23
frisian,mirandese,1.6,0.2582,0.0667,24
frisian,spanish,1.7333,0.5936,0.3524,26
frisian,galician,1.5333,0.2582,0.0667,23
frisian,portuguese,1.6364,0.6467,0.4182,18
german,albanian,2.2308,2.2532,5.0769,29
german,armenian,1.4615,0.8697,0.7564,19
german,latgalian,3.6364,3.9312,15.4545,40
german,latvian,2.5,1.5776,2.4889,25
german,lithuanian,3.9091,4.0587,16.4727,43
german,russian,3.1429,3.6253,13.1429,44
german,ukrainian,2.3077,1.3775,1.8974,30
german,bulgarian,1.5455,0.3015,0.0909,17
german,macedonian,2.0,1.2401,1.5379,24
german,croatian,1.6429,0.9376,0.8791,23
german,slovene,1.7273,1.0357,1.0727,19
german,czech,4.6364,4.0339,16.2727,51
german,slovak,6.2727,4.4681,19.9636,69
german,polish,2.0,1.0847,1.1765,36
german,breton,1.5833,1.1645,1.3561,19
german,welsh,2.2222,1.6415,2.6944,20
german,irish,2.125,1.315,1.7292,34
german,norwegian,2.8182,3.5726,12.7636,31
german,danish,1.7143,1.0082,1.0165,24
german,swedish,2.0833,0.9962,0.9924,25
german,faroese,1.9,0.9661,0.9333,19
german,icelandic,1.7143,0.9405,0.8846,24
german,english,2.0,1.633,2.6667,12
german,scots,2.125,1.6421,2.6964,17
german,frisian,3.8,3.6271,13.1556,38
german,wymysorys,2.0,0.9816,0.9636,22
german,luxembourgish,1.9,1.0593,1.1222,19
german,greek,2.3333,1.4142,2,35
german,sanskrit,1.9412,1.5904,2.5294,33
german,awadhi,6.6875,6.3862,40.7833,107
german,hindi,2.625,2.1203,4.4958,42
german,nepali,1.8333,0.8498,0.7222,33
german,romanian,1.875,0.8851,0.7833,30
german,italian,3.1818,3.9955,15.9636,35
german,ligurian,1.5625,0.8851,0.7833,25
german,french,2.7857,2.7063,7.3242,39
german,friulian,2.0,1.2401,1.5379,24
german,catalan,1.5455,1.0357,1.0727,17
german,occitan,1.6154,0.9674,0.9359,21
german,mirandese,2.8667,3.5214,12.4,43
german,spanish,1.6667,1.1504,1.3235,30
german,galician,1.625,1.0308,1.0625,26
german,portuguese,1.5455,1.0357,1.0727,17
wymysorys,albanian,1.1667,0.4082,0.1667,7
wymysorys,armenian,1.4444,0.3333,0.1111,13
wymysorys,latgalian,3.0,2.2638,5.125,24
wymysorys,latvian,2.1111,1.6583,2.75,19
wymysorys,lithuanian,2.2727,1.5551,2.4182,25
wymysorys,russian,2.1818,1.2136,1.4727,24
wymysorys,ukrainian,2.3077,1.6641,2.7692,30
wymysorys,bulgarian,2.5,1.6193,2.6222,25
wymysorys,macedonian,2.7778,1.7401,3.0278,25
wymysorys,croatian,2.2,1.6364,2.6778,22
wymysorys,slovene,2.3,1.5951,2.5444,23
wymysorys,czech,2.0,1.6915,2.8611,18
wymysorys,slovak,2.0,1.6915,2.8611,18
wymysorys,polish,2.6154,1.472,2.1667,34
wymysorys,breton,1.8333,1.446,2.0909,22
wymysorys,welsh,2.8,2.0656,4.2667,28
wymysorys,irish,2.25,1.429,2.0421,45
wymysorys,norwegian,1.75,0.9574,0.9167,28
wymysorys,danish,3.3636,2.1192,4.4909,37
wymysorys,swedish,2.0667,0.8338,0.6952,31
wymysorys,faroese,1.9091,0.4671,0.2182,21
wymysorys,icelandic,3.2222,2.1213,4.5,29
wymysorys,english,2.0,1.206,1.4545,24
wymysorys,scots,2.0,1.3944,1.9444,18
wymysorys,frisian,2.2,1.5635,2.4444,22
wymysorys,german,2.0,0.9816,0.9636,22
wymysorys,luxembourgish,1.8182,0.8202,0.6727,20
wymysorys,greek,2.6154,1.6053,2.5769,34
wymysorys,sanskrit,2.3846,3.0403,9.2436,31
wymysorys,awadhi,3.0,3.4464,11.8778,30
wymysorys,hindi,2.4286,2.1901,4.7967,34
wymysorys,nepali,1.75,0.3416,0.1167,28
wymysorys,romanian,2.1667,0.8876,0.7879,26
wymysorys,italian,2.0,0.9512,0.9048,14
wymysorys,ligurian,1.6364,0.603,0.3636,18
wymysorys,french,2.0,1.3333,1.7778,18
wymysorys,friulian,2.375,1.1952,1.4286,19
wymysorys,catalan,1.75,0.7559,0.5714,14
wymysorys,occitan,1.5556,0.3333,0.1111,14
wymysorys,mirandese,1.6667,0.5774,0.3333,20
wymysorys,spanish,2.0,1.4469,2.0934,28
wymysorys,galician,1.9167,1.0,1.0,23
wymysorys,portuguese,2.1111,1.6915,2.8611,19
luxembourgish,albanian,3.1667,4.0639,16.5152,38
luxembourgish,armenian,4.1111,4.5,20.25,37
luxembourgish,latgalian,1.3636,0.4671,0.2182,15
luxembourgish,latvian,3.5,3.4514,11.9121,49
luxembourgish,lithuanian,1.4286,0.4688,0.2198,20
luxembourgish,russian,1.3846,0.2774,0.0769,18
luxembourgish,ukrainian,1.5714,0.3631,0.1319,22
luxembourgish,bulgarian,1.4545,0.4045,0.1636,16
luxembourgish,macedonian,5.0,4.1366,17.1111,45
luxembourgish,croatian,1.3,0.4216,0.1778,13
luxembourgish,slovene,2.1111,2.9768,8.8611,19
luxembourgish,czech,2.5714,2.0979,4.4011,36
luxembourgish,slovak,5.0,4.4272,19.6,75
luxembourgish,polish,2.1429,2.3812,5.6703,30
luxembourgish,breton,1.6364,1.804,3.2545,18
luxembourgish,welsh,2.8333,3.3394,11.1515,34
luxembourgish,irish,1.7778,0.5745,0.3301,32
luxembourgish,norwegian,2.8,2.3503,5.5238,42
luxembourgish,danish,1.2,0.3162,0.1,12
luxembourgish,swedish,1.6471,0.7123,0.5074,28
luxembourgish,faroese,1.5,0.6112,0.3736,21
luxembourgish,icelandic,1.8333,1.7645,3.1136,22
luxembourgish,english,2.0833,1.4848,2.2045,25
luxembourgish,scots,2.4,1.8738,3.5111,24
luxembourgish,frisian,1.9474,0.9551,0.9123,37
luxembourgish,german,1.9,1.0593,1.1222,19
luxembourgish,wymysorys,1.8182,0.8202,0.6727,20
luxembourgish,greek,1.7143,0.9405,0.8846,24
luxembourgish,sanskrit,1.4286,0.9376,0.8791,20
luxembourgish,awadhi,7.9231,6.8967,47.5641,103
luxembourgish,hindi,2.875,2.3372,5.4625,46
luxembourgish,nepali,1.8,1.5492,2.4,27
luxembourgish,romanian,3.1818,3.6407,13.2545,35
luxembourgish,italian,2.8182,3.6407,13.2545,31
luxembourgish,ligurian,2.9,3.7947,14.4,29
luxembourgish,french,2.2,1.291,1.6667,33
luxembourgish,friulian,2.9,3.7947,14.4,29
luxembourgish,catalan,2.1,2.846,8.1,21
luxembourgish,occitan,1.6364,1.804,3.2545,18
luxembourgish,mirandese,1.1538,0.0,0,15
luxembourgish,spanish,1.2667,0.414,0.1714,19
luxembourgish,galician,1.1667,0.2887,0.0833,14
luxembourgish,portuguese,4.0909,3.673,13.4909,45
greek,albanian,2.25,1.557,2.4242,27
greek,armenian,2.4615,2.5445,6.4744,32
greek,latgalian,3.375,1.9594,3.8393,27
greek,latvian,3.6154,3.4119,11.641,47
greek,lithuanian,3.4,2.1108,4.4556,34
greek,russian,1.1667,0.0,0,7
greek,ukrainian,3.4286,3.4157,11.6667,24
greek,bulgarian,2.1667,1.3292,1.7667,13
greek,macedonian,2.4545,1.6404,2.6909,27
greek,croatian,3.3,2.0248,4.1,33
greek,slovene,3.125,2.0529,4.2143,25
greek,czech,2.7692,1.8879,3.5641,36
greek,slovak,4.3077,3.8264,14.641,56
greek,polish,4.1111,4.5,20.25,37
greek,breton,2.1429,1.5424,2.3791,30
greek,welsh,1.5833,0.3892,0.1515,19
greek,irish,2.8667,3.2264,10.4095,43
greek,norwegian,2.4118,1.4527,2.1103,41
greek,danish,6.0,6.5095,42.3736,84
greek,swedish,2.2727,1.4013,1.9636,25
greek,faroese,1.9,1.3703,1.8778,19
greek,icelandic,5.375,5.7678,33.2679,43
greek,english,2.125,1.25,1.5625,34
greek,scots,3.2,2.0028,4.0111,32
greek,frisian,2.125,1.0935,1.1958,34
greek,german,2.3333,1.4142,2,35
greek,wymysorys,2.6154,1.6053,2.5769,34
greek,luxembourgish,1.7143,0.9405,0.8846,24
greek,sanskrit,3.1429,2.5257,6.3791,44
greek,awadhi,7.3571,7.1195,50.6868,103
greek,hindi,3.0,2.8255,7.9833,48
greek,nepali,2.4545,2.8572,8.1636,27
greek,romanian,5.4,4.383,19.2111,54
greek,italian,3.3636,2.4271,5.8909,37
greek,ligurian,1.7273,1.0357,1.0727,19
greek,french,2.7222,1.7452,3.0458,49
greek,friulian,3.3,2.1833,4.7667,33
greek,catalan,3.0909,2.0136,4.0545,34
greek,occitan,3.6667,1.8708,3.5,33
greek,mirandese,2.6,3.171,10.0556,26
greek,spanish,3.0,2.6352,6.9444,27
greek,galician,4.0,2.4404,5.9556,40
greek,portuguese,3.0,2.1213,4.5,30
sanskrit,albanian,2.2857,2.9352,8.6154,32
sanskrit,armenian,1.8333,1.2881,1.6591,22
sanskrit,latgalian,5.2308,3.9968,15.9744,68
sanskrit,latvian,2.0,1.9346,3.7429,30
sanskrit,lithuanian,2.3846,1.6408,2.6923,31
sanskrit,russian,4.6923,3.9272,15.4231,61
sanskrit,ukrainian,1.9286,0.9405,0.8846,27
sanskrit,bulgarian,2.4286,2.3264,5.4121,34
sanskrit,macedonian,2.2727,2.1826,4.7636,25
sanskrit,croatian,2.2,2.1833,4.7667,22
sanskrit,slovene,1.9167,2.0207,4.0833,23
sanskrit,czech,1.7692,1.3914,1.9359,23
sanskrit,slovak,2.9286,3.3611,11.2967,41
sanskrit,polish,1.9167,0.9962,0.9924,23
sanskrit,breton,1.5833,0.9962,0.9924,19
sanskrit,welsh,2.0,1.2924,1.6703,28
sanskrit,irish,2.1765,1.1695,1.3676,37
sanskrit,norwegian,3.8462,4.3853,19.2308,50
sanskrit,danish,3.6923,5.5157,30.4231,48
sanskrit,swedish,2.4667,1.1464,1.3143,37
sanskrit,faroese,3.0,2.2787,5.1923,39
sanskrit,icelandic,2.9091,2.7863,7.7636,32
sanskrit,english,2.0,1.5121,2.2865,38
sanskrit,scots,2.0667,1.7915,3.2095,31
sanskrit,frisian,1.9333,1.5523,2.4095,29
sanskrit,german,1.9412,1.5904,2.5294,33
sanskrit,wymysorys,2.3846,3.0403,9.2436,31
sanskrit,luxembourgish,6.4286,3.7358,13.956,90
sanskrit,greek,3.1429,2.5257,6.3791,44
sanskrit,awadhi,1.5,0.0,0,9
sanskrit,hindi,2.3333,2.0505,4.2045,28
sanskrit,nepali,1.6,NaN,0,16
sanskrit,romanian,1.8571,0.9376,0.8791,26
sanskrit,italian,3.5,4.3762,19.1515,42
sanskrit,ligurian,6.5455,4.0832,16.6727,72
sanskrit,french,2.4706,2.5495,6.5,42
sanskrit,friulian,3.2727,4.167,17.3636,36
sanskrit,catalan,3.2727,4.2061,17.6909,36
sanskrit,occitan,2.0,2.2111,4.8889,20
sanskrit,mirandese,4.5455,4.1539,17.2545,50
sanskrit,spanish,3.1818,3.0807,9.4909,35
sanskrit,galician,1.6364,0.9342,0.8727,18
sanskrit,portuguese,2.25,2.1088,4.447,27
awadhi,albanian,2.0,3.0403,9.2436,26
awadhi,armenian,6.7857,6.9792,48.7088,95
awadhi,latgalian,6.9231,6.6274,43.9231,90
awadhi,latvian,7.1667,6.6172,43.7879,86
awadhi,lithuanian,5.3571,5.711,32.6154,75
awadhi,russian,5.1429,6.3803,40.7088,72
awadhi,ukrainian,2.5333,1.7099,2.9238,38
awadhi,bulgarian,6.5,6.6502,44.2253,91
awadhi,macedonian,8.5455,6.4849,42.0545,94
awadhi,croatian,6.3636,6.3561,40.4,70
awadhi,slovene,7.0909,6.226,38.7636,78
awadhi,czech,7.6364,6.7271,45.2545,84
awadhi,slovak,7.6364,6.7271,45.2545,84
awadhi,polish,3.0769,2.7269,7.4359,40
awadhi,breton,2.3333,1.6847,2.8381,35
awadhi,welsh,8.7692,7.4765,55.8974,114
awadhi,irish,3.0952,3.3259,11.0619,65
awadhi,norwegian,4.4,5.3408,28.5238,66
awadhi,danish,3.2222,6.0,36,29
awadhi,swedish,2.625,1.682,2.8292,42
awadhi,faroese,5.0714,6.6634,44.4011,71
awadhi,icelandic,7.7273,7.4064,54.8545,85
awadhi,english,1.8824,1.5904,2.5294,32
awadhi,scots,9.5833,7.0903,50.2727,115
awadhi,frisian,2.0714,1.7478,3.0549,29
awadhi,german,6.6875,6.3862,40.7833,107
awadhi,wymysorys,3.0,3.4464,11.8778,30
awadhi,luxembourgish,7.9231,6.8967,47.5641,103
awadhi,greek,7.3571,7.1195,50.6868,103
awadhi,sanskrit,1.5,0.0,0,9
awadhi,hindi,2.375,2.4749,6.125,19
awadhi,nepali,2.0,1.1094,1.2308,26
awadhi,romanian,3.3333,3.1045,9.6381,50
awadhi,italian,8.4444,7.1414,51.0,76
awadhi,ligurian,7.0909,7.0013,49.0182,78
awadhi,french,2.6923,2.8689,8.2308,35
awadhi,friulian,8.6667,7.1783,51.5278,78
awadhi,catalan,8.5,6.5452,42.8393,68
awadhi,occitan,7.3,6.9442,48.2222,73
awadhi,mirandese,3.5,5.3329,28.4396,49
awadhi,spanish,5.5,6.9634,48.489,77
awadhi,galician,2.0,0.9661,0.9333,20
awadhi,portuguese,7.7778,7.0,49.0,70
hindi,albanian,3.1875,2.8752,8.2667,51
hindi,armenian,2.2353,2.058,4.2353,38
hindi,latgalian,2.3529,2.0274,4.1103,40
hindi,latvian,2.2667,2.1381,4.5714,34
hindi,lithuanian,1.8824,0.8618,0.7426,32
hindi,russian,2.0526,1.8369,3.3743,39
hindi,ukrainian,1.9412,0.5286,0.2794,33
hindi,bulgarian,2.2105,1.9452,3.7836,42
hindi,macedonian,2.4286,2.2188,4.9231,34
hindi,croatian,1.8667,0.8997,0.8095,28
hindi,slovene,2.0,0.9962,0.9924,24
hindi,czech,2.2667,2.1381,4.5714,34
hindi,slovak,2.1875,2.0807,4.3292,35
hindi,polish,1.8824,0.5623,0.3162,32
hindi,breton,1.5263,0.5015,0.2515,29
hindi,welsh,3.2143,2.9576,8.7473,45
hindi,irish,1.7727,0.2132,0.0455,39
hindi,norwegian,1.9231,1.05,1.1026,25
hindi,danish,1.8667,0.9904,0.981,28
hindi,swedish,2.0625,0.7188,0.5167,33
hindi,faroese,1.9412,0.8618,0.7426,33
hindi,icelandic,2.0,0.9661,0.9333,32
hindi,english,3.125,2.7681,7.6625,50
hindi,scots,2.9231,2.8171,7.9359,38
hindi,frisian,1.6923,0.9608,0.9231,22
hindi,german,2.625,2.1203,4.4958,42
hindi,wymysorys,2.4286,2.1901,4.7967,34
hindi,luxembourgish,2.875,2.3372,5.4625,46
hindi,greek,3.0,2.8255,7.9833,48
hindi,sanskrit,2.3333,2.0505,4.2045,28
hindi,awadhi,2.375,2.4749,6.125,19
hindi,nepali,1.8667,0.0,0,28
hindi,romanian,2.0,0.5623,0.3162,34
hindi,italian,2.5385,2.3397,5.4744,33
hindi,ligurian,2.1429,2.1381,4.5714,30
hindi,french,2.0714,1.4142,2,29
hindi,friulian,2.5385,2.2899,5.2436,33
hindi,catalan,2.0,1.0801,1.1667,20
hindi,occitan,2.0,0.9962,0.9924,24
hindi,mirandese,1.5882,0.2425,0.0588,27
hindi,spanish,1.8889,1.2472,1.5556,34
hindi,galician,1.7143,0.3631,0.1319,24
hindi,portuguese,1.8333,0.9003,0.8106,22
nepali,albanian,1.9286,0.5789,0.3352,27
nepali,armenian,1.9231,0.7679,0.5897,25
nepali,latgalian,2.0,1.3973,1.9524,30
nepali,latvian,2.2105,2.3056,5.3158,42
nepali,lithuanian,2.0667,1.5675,2.4571,31
nepali,russian,2.7273,2.9108,8.4727,30
nepali,ukrainian,3.6667,3.2404,10.5,33
nepali,bulgarian,2.8571,2.6777,7.1703,40
nepali,macedonian,1.9286,1.3425,1.8022,27
nepali,croatian,2.0769,1.7022,2.8974,27
nepali,slovene,2.0833,1.505,2.2652,25
nepali,czech,1.7778,0.9583,0.9183,32
nepali,slovak,2.8947,3.3717,11.3684,55
nepali,polish,2.0909,1.5783,2.4909,23
nepali,breton,2.1538,1.4367,2.0641,28
nepali,welsh,1.75,0.5774,0.3333,28
nepali,irish,1.3636,0.3015,0.0909,15
nepali,norwegian,3.1429,3.3447,11.1868,44
nepali,danish,1.5,0.25,0.0625,24
nepali,swedish,1.4545,0.6467,0.4182,16
nepali,faroese,1.8462,0.8697,0.7564,24
nepali,icelandic,1.8462,0.7763,0.6026,24
nepali,english,2.2105,1.5294,2.3392,42
nepali,scots,2.1875,1.4009,1.9625,35
nepali,frisian,1.75,0.4894,0.2395,35
nepali,german,1.8333,0.8498,0.7222,33
nepali,wymysorys,1.75,0.3416,0.1167,28
nepali,luxembourgish,1.8,1.5492,2.4,27
nepali,greek,2.4545,2.8572,8.1636,27
nepali,sanskrit,1.6,NaN,0,16
nepali,awadhi,2.0,1.1094,1.2308,26
nepali,hindi,1.8667,0.0,0,28
nepali,romanian,2.375,1.3025,1.6964,19
nepali,italian,2.5,2.8519,8.1333,40
nepali,ligurian,2.75,3.4728,12.0606,33
nepali,french,1.9091,0.8827,0.7792,42
nepali,friulian,2.4667,2.6992,7.2857,37
nepali,catalan,2.3846,2.7735,7.6923,31
nepali,occitan,1.75,0.866,0.75,21
nepali,mirandese,4.5,4.8408,23.4333,45
nepali,spanish,2.0909,1.2863,1.6545,23
nepali,galician,3.2308,3.2106,10.3077,42
nepali,portuguese,2.2143,1.6458,2.7088,31
romanian,albanian,1.7692,0.0,0,23
romanian,armenian,3.2727,3.6407,13.2545,36
romanian,latgalian,4.7,4.2895,18.4,47
romanian,latvian,3.375,3.3708,11.3625,54
romanian,lithuanian,2.5,1.8007,3.2424,30
romanian,russian,4.5,4.2177,17.7889,45
romanian,ukrainian,1.5,0.5774,0.3333,6
romanian,bulgarian,4.8,3.6591,13.3889,48
romanian,macedonian,2.3333,1.6667,2.7778,21
romanian,croatian,2.3333,1.7159,2.9444,21
romanian,slovene,3.4444,3.1929,10.1944,31
romanian,czech,2.0714,1.0894,1.1868,29
romanian,slovak,4.9375,4.5,20.25,79
romanian,polish,3.6667,2.582,6.6667,22
romanian,breton,2.0833,1.505,2.2652,25
romanian,welsh,1.7333,0.414,0.1714,26
romanian,irish,2.6923,1.8081,3.2692,35
romanian,norwegian,2.1875,1.1955,1.4292,35
romanian,danish,1.8667,0.7368,0.5429,28
romanian,swedish,2.0,1.4013,1.9636,22
romanian,faroese,1.7273,0.8202,0.6727,19
romanian,icelandic,2.2727,1.2505,1.5636,25
romanian,english,2.2778,1.5645,2.4477,41
romanian,scots,2.5833,1.5643,2.447,31
romanian,frisian,1.8947,0.6534,0.4269,36
romanian,german,1.875,0.8851,0.7833,30
romanian,wymysorys,2.1667,0.8876,0.7879,26
romanian,luxembourgish,3.1818,3.6407,13.2545,35
romanian,greek,5.4,4.383,19.2111,54
romanian,sanskrit,1.8571,0.9376,0.8791,26
romanian,awadhi,3.3333,3.1045,9.6381,50
romanian,hindi,2.0,0.5623,0.3162,34
romanian,nepali,1.125,0.3536,0.125,9
romanian,italian,4.25,4.5419,20.6288,51
romanian,ligurian,2.8333,3.4499,11.9015,34
romanian,french,2.0556,0.9583,0.9183,37
romanian,friulian,4.7,4.899,24,47
romanian,catalan,3.8182,4.2533,18.0909,42
romanian,occitan,2.4,1.3166,1.7333,24
romanian,mirandese,3.7692,3.8647,14.9359,49
romanian,spanish,2.5,1.9158,3.6703,35
romanian,galician,5.2727,5.1734,26.7636,58
romanian,portuguese,3.8182,3.7271,13.8909,42
italian,albanian,1.3333,0.3333,0.1111,12
italian,armenian,1.5556,1.3333,1.7778,14
italian,latgalian,1.7143,0.488,0.2381,12
italian,latvian,5.1667,4.5166,20.4,31
italian,lithuanian,3.5556,3.855,14.8611,32
italian,russian,2.7778,2.2048,4.8611,25
italian,ukrainian,3.25,3.704,13.7197,39
italian,bulgarian,2.1111,1.6667,2.7778,19
italian,macedonian,3.5,3.5024,12.2667,21
italian,croatian,4.0,4.1833,17.5,24
italian,slovene,4.7143,4.5408,20.619,33
italian,czech,2.8333,2.4221,5.8667,17
italian,slovak,8.6667,3.6742,13.5,52
italian,polish,3.4545,2.8794,8.2909,38
italian,breton,2.1818,2.0494,4.2,24
italian,welsh,1.5556,1.3333,1.7778,14
italian,irish,3.05,3.2525,10.5789,61
italian,norwegian,2.7059,3.0159,9.0956,46
italian,danish,7.0,4.7213,22.2909,77
italian,swedish,2.8667,2.9244,8.5524,43
italian,faroese,3.0,3.7491,14.0556,30
italian,icelandic,4.5,4.1209,16.9821,36
italian,english,2.9286,3.5987,12.9505,41
italian,scots,3.25,4.1662,17.3571,26
italian,frisian,1.6,0.4216,0.1778,16
italian,german,2.0,1.4142,2,22
italian,wymysorys,2.0,0.9512,0.9048,14
italian,luxembourgish,2.8182,3.6407,13.2545,31
italian,greek,3.3636,2.4271,5.8909,37
italian,sanskrit,3.5,4.3762,19.1515,42
italian,awadhi,8.4444,7.1414,51.0,76
italian,hindi,2.5385,2.3397,5.4744,33
italian,nepali,2.5,2.8519,8.1333,40
italian,romanian,4.25,4.5419,20.6288,51
italian,ligurian,3.625,4.1662,17.3571,29
italian,french,1.6667,NaN,0,15
italian,friulian,2.5,1.5,2.25,10
italian,catalan,4.5,4.3589,19.0,18
italian,occitan,5.8333,6.253,39.1,35
italian,mirandese,1.5714,0.0,0,11
italian,spanish,2.5,2.2998,5.2889,25
italian,galician,1.75,1.0607,1.125,14
italian,portuguese,2.4,2.6077,6.8,12
ligurian,albanian,1.3846,0.0,0,18
ligurian,armenian,3.4167,4.0704,16.5682,41
ligurian,latgalian,1.2222,0.441,0.1944,11
ligurian,latvian,3.0,2.8026,7.8545,33
ligurian,lithuanian,3.5455,3.5599,12.6727,39
ligurian,russian,1.6,0.6749,0.4556,16
ligurian,ukrainian,3.0,3.433,11.7857,42
ligurian,bulgarian,1.8333,1.0731,1.1515,22
ligurian,macedonian,4.625,4.6579,21.6964,37
ligurian,croatian,4.6667,3.7238,13.8667,28
ligurian,slovene,3.5556,3.9405,15.5278,32
ligurian,czech,1.9167,1.7299,2.9924,23
ligurian,slovak,5.8333,4.7001,22.0909,70
ligurian,polish,2.3333,2.1213,4.5,21
ligurian,breton,1.3636,0.6467,0.4182,15
ligurian,welsh,1.2857,0.2673,0.0714,18
ligurian,irish,3.1,3.2298,10.4316,62
ligurian,norwegian,1.8235,1.3666,1.8676,31
ligurian,danish,4.0,5.9777,35.7333,40
ligurian,swedish,3.0714,3.2548,10.5934,43
ligurian,faroese,2.6154,3.2817,10.7692,34
ligurian,icelandic,4.3333,4.0311,16.25,39
ligurian,english,1.6471,0.8618,0.7426,28
ligurian,scots,1.75,1.2432,1.5455,21
ligurian,frisian,1.5,0.25,0.0625,24
ligurian,german,1.5625,0.8851,0.7833,25
ligurian,wymysorys,1.6364,0.603,0.3636,18
ligurian,luxembourgish,2.9,3.7947,14.4,29
ligurian,greek,1.7273,1.0357,1.0727,19
ligurian,sanskrit,6.5455,4.0832,16.6727,72
ligurian,awadhi,7.0909,7.0013,49.0182,78
ligurian,hindi,2.1429,2.1381,4.5714,30
ligurian,nepali,2.75,3.4728,12.0606,33
ligurian,romanian,2.8333,3.4499,11.9015,34
ligurian,italian,3.625,4.1662,17.3571,29
ligurian,french,2.0,1.1094,1.2308,26
ligurian,friulian,3.5,4.1662,17.3571,28
ligurian,catalan,4.5714,4.2594,18.1429,32
ligurian,occitan,4.2857,4.2594,18.1429,30
ligurian,mirandese,1.4286,0.7559,0.5714,10
ligurian,spanish,2.8889,2.8038,7.8611,26
ligurian,galician,2.125,1.8851,3.5536,17
ligurian,portuguese,3.625,4.1662,17.3571,29
french,albanian,4.1667,5.9518,35.4242,50
french,armenian,2.0667,1.4041,1.9714,31
french,latgalian,2.1538,1.6641,2.7692,28
french,latvian,2.0,1.7299,2.9924,24
french,lithuanian,2.1333,1.5523,2.4095,32
french,russian,2.125,1.0878,1.1833,34
french,ukrainian,2.3333,1.6529,2.732,42
french,bulgarian,2.3571,1.6508,2.7253,33
french,macedonian,2.9167,2.0151,4.0606,35
french,croatian,2.4615,1.9215,3.6923,32
french,slovene,2.4615,1.9081,3.641,32
french,czech,1.5,0.0,0,15
french,slovak,1.4545,NaN,0,16
french,polish,2.4706,1.4803,2.1912,42
french,breton,2.4615,1.9081,3.641,32
french,welsh,2.5333,1.6847,2.8381,38
french,irish,2.16,1.2949,1.6767,54
french,norwegian,2.0,1.7647,3.1143,42
french,danish,3.5,3.4761,12.0833,42
french,swedish,2.2,1.1425,1.3053,44
french,faroese,2.0625,1.0247,1.05,33
french,icelandic,2.5385,1.7246,2.9744,33
french,english,4.3125,5.4829,30.0625,69
french,scots,3.3333,4.7832,22.8788,40
french,frisian,1.9167,1.2154,1.4773,23
french,german,2.7857,2.7063,7.3242,39
french,wymysorys,2.0,1.3333,1.7778,18
french,luxembourgish,2.2,1.291,1.6667,33
french,greek,2.7222,1.7452,3.0458,49
french,sanskrit,2.4706,2.5495,6.5,42
french,awadhi,2.6923,2.8689,8.2308,35
french,hindi,2.0714,1.4142,2,29
french,nepali,1.9091,0.8827,0.7792,42
french,romanian,2.0556,0.9583,0.9183,37
french,italian,1.6667,NaN,0,15
french,ligurian,2.0,1.1094,1.2308,26
french,friulian,2.6,1.5239,2.3222,26
french,catalan,2.1,1.2693,1.6111,21
french,occitan,2.0,1.1547,1.3333,24
french,mirandese,1.625,0.0,0,26
french,spanish,2.2778,1.6647,2.7712,41
french,galician,2.1429,1.286,1.6538,30
french,portuguese,2.4545,2.0715,4.2909,27
friulian,albanian,1.8,1.0801,1.1667,18
friulian,armenian,1.5,1.4142,2.0,12
friulian,latgalian,2.2857,1.1547,1.3333,16
friulian,latvian,3.8333,3.9875,15.9,23
friulian,lithuanian,3.3333,3.5355,12.5,30
friulian,russian,2.9,1.9551,3.8222,29
friulian,ukrainian,3.5,4.0497,16.4,35
friulian,bulgarian,2.375,1.8077,3.2679,19
friulian,macedonian,5.5,6.364,40.5,11
friulian,croatian,3.4,4.4721,20,17
friulian,slovene,3.2,4.4721,20,16
friulian,czech,2.8,2.6077,6.8,14
friulian,slovak,7.3333,4.6476,21.6,44
friulian,polish,3.5,3.2266,10.4107,28
friulian,breton,2.4444,2.2361,5.0,22
friulian,welsh,2.2,1.5951,2.5444,22
friulian,irish,2.65,2.5189,6.3447,53
friulian,norwegian,2.3529,2.2013,4.8456,40
friulian,danish,2.0,3.1623,10,20
friulian,swedish,2.8571,2.6818,7.1923,40
friulian,faroese,2.8,3.0984,9.6,28
friulian,icelandic,5.125,3.9438,15.5536,41
friulian,english,2.0,1.1464,1.3143,30
friulian,scots,2.5,1.598,2.5536,20
friulian,frisian,2.0,0.9962,0.9924,24
friulian,german,2.0,1.2401,1.5379,24
friulian,wymysorys,2.375,1.1952,1.4286,19
friulian,luxembourgish,2.9,3.7947,14.4,29
friulian,greek,3.3,2.1833,4.7667,33
friulian,sanskrit,3.2727,4.167,17.3636,36
friulian,awadhi,8.6667,7.1783,51.5278,78
friulian,hindi,2.5385,2.2899,5.2436,33
friulian,nepali,2.4667,2.6992,7.2857,37
friulian,romanian,4.7,4.899,24,47
friulian,italian,2.5,1.5,2.25,10
friulian,ligurian,3.5,4.1662,17.3571,28
friulian,french,2.6,1.5239,2.3222,26
friulian,catalan,1.25,0.0,0,5
friulian,occitan,5.6,6.9857,48.8,28
friulian,mirandese,1.8,1.0801,1.1667,18
friulian,spanish,2.0909,1.8141,3.2909,23
friulian,galician,1.3333,0.0,0,8
friulian,portuguese,2.4,2.6833,7.2,12
catalan,albanian,1.2,NaN,0,12
catalan,armenian,1.1111,0.0,0,10
catalan,latgalian,1.5556,0.441,0.1944,14
catalan,latvian,4.125,4.2426,18,33
catalan,lithuanian,2.5455,3.2808,10.7636,28
catalan,russian,2.1667,1.557,2.4242,26
catalan,ukrainian,3.3333,3.7009,13.697,40
catalan,bulgarian,1.7,0.6325,0.4,17
catalan,macedonian,1.2,NaN,0,6
catalan,croatian,1.6,NaN,0,8
catalan,slovene,1.5,0.0,0,6
catalan,czech,2.5,2.3261,5.4107,20
catalan,slovak,6.75,4.6579,21.6964,54
catalan,polish,2.9091,2.8381,8.0545,32
catalan,breton,2.2,1.9437,3.7778,22
catalan,welsh,4.2222,3.4197,11.6944,38
catalan,irish,2.7,2.5189,6.3447,54
catalan,norwegian,2.5714,2.652,7.033,36
catalan,danish,7.5,4.4272,19.6,75
catalan,swedish,2.7333,2.582,6.6667,41
catalan,faroese,2.8333,2.8749,8.2652,34
catalan,icelandic,4.7,3.6878,13.6,47
catalan,english,2.0,1.7478,3.0549,28
catalan,scots,3.8571,4.2594,18.1429,27
catalan,frisian,1.8333,0.7977,0.6364,22
catalan,german,2.0,1.0954,1.2,22
catalan,wymysorys,1.75,0.7559,0.5714,14
catalan,luxembourgish,2.1,2.846,8.1,21
catalan,greek,3.0909,2.0136,4.0545,34
catalan,sanskrit,3.2727,4.2061,17.6909,36
catalan,awadhi,8.5,6.5452,42.8393,68
catalan,hindi,2.0,1.0801,1.1667,20
catalan,nepali,2.3846,2.7735,7.6923,31
catalan,romanian,3.8182,4.2533,18.0909,42
catalan,italian,4.5,4.3589,19.0,18
catalan,ligurian,4.5714,4.2594,18.1429,32
catalan,french,2.1,1.2693,1.6111,21
catalan,friulian,1.25,0.0,0,5
catalan,occitan,3.0,3.0,9.0,12
catalan,mirandese,1.4444,0.0,0,13
catalan,spanish,2.9,2.2211,4.9333,29
catalan,galician,2.5,2.0,4,15
catalan,portuguese,4.0,3.0,9,12
occitan,albanian,1.5,0.3162,0.1,15
occitan,armenian,4.2222,4.4284,19.6111,38
occitan,latgalian,4.5,5.5533,30.8393,36
occitan,latvian,4.2222,3.5862,12.8611,38
occitan,lithuanian,2.0,1.6193,2.6222,20
occitan,russian,2.5455,1.834,3.3636,28
occitan,ukrainian,2.5556,2.0276,4.1111,23
occitan,bulgarian,4.7778,5.0525,25.5278,43
occitan,macedonian,4.0,3.3877,11.4762,28
occitan,croatian,2.8,2.3022,5.3,14
occitan,slovene,3.4,1.9494,3.8,17
occitan,czech,1.5,0.4216,0.1778,15
occitan,slovak,5.3333,4.7434,22.5,48
occitan,polish,2.1818,1.4709,2.1636,24
occitan,breton,2.3,1.8886,3.5667,23
occitan,welsh,1.5455,0.9244,0.8545,17
occitan,irish,2.2222,1.4874,2.2124,40
occitan,norwegian,2.0,1.4573,2.1238,30
occitan,danish,1.1,NaN,0,11
occitan,swedish,2.1538,0.9871,0.9744,28
occitan,faroese,2.0,0.9487,0.9,20
occitan,icelandic,2.75,1.7678,3.125,22
occitan,english,1.6875,0.8921,0.7958,27
occitan,scots,1.8889,1.4142,2.0,17
occitan,frisian,1.7692,0.6304,0.3974,23
occitan,german,1.6154,0.9674,0.9359,21
occitan,wymysorys,1.5556,0.3333,0.1111,14
occitan,luxembourgish,2.0,1.5492,2.4,22
occitan,greek,3.6667,1.8708,3.5,33
occitan,sanskrit,2.3,3.4657,12.0111,23
occitan,awadhi,7.3,6.9442,48.2222,73
occitan,hindi,2.0,0.9962,0.9924,24
occitan,nepali,1.75,0.866,0.75,21
occitan,romanian,2.4,1.3166,1.7333,24
occitan,italian,5.8333,6.253,39.1,35
occitan,ligurian,4.2857,4.2594,18.1429,30
occitan,french,2.0,1.1547,1.3333,24
occitan,friulian,5.6,6.9857,48.8,28
occitan,catalan,3.0,3.0,9.0,12
occitan,mirandese,1.25,0.0,0,10
occitan,spanish,2.7778,2.1213,4.5,25
occitan,galician,2.4286,1.976,3.9048,17
occitan,portuguese,3.6667,2.7325,7.4667,22
mirandese,albanian,1.9,0.9487,0.9,19
mirandese,armenian,3.1,3.7947,14.4,31
mirandese,latgalian,1.125,0.0,0,9
mirandese,latvian,1.5,0.0,0,15
mirandese,lithuanian,4.2222,3.9616,15.6944,38
mirandese,russian,2.5,2.8577,8.1667,15
mirandese,ukrainian,4.2308,4.2713,18.2436,55
mirandese,bulgarian,2.6,3.171,10.0556,26
mirandese,macedonian,2.0,1.1595,1.3444,20
mirandese,croatian,1.4286,0.7559,0.5714,10
mirandese,slovene,1.2,NaN,0,12
mirandese,czech,1.5455,0.3015,0.0909,17
mirandese,slovak,3.0909,3.6407,13.2545,34
mirandese,polish,3.5455,2.6181,6.8545,39
mirandese,breton,2.4,2.0976,4.4,24
mirandese,welsh,1.3571,0.2673,0.0714,19
mirandese,irish,3.6875,3.6606,13.4,59
mirandese,norwegian,1.8235,1.1213,1.2574,31
mirandese,danish,2.0,3.0984,9.6,30
mirandese,swedish,3.2667,3.3352,11.1238,49
mirandese,faroese,3.2727,3.7635,14.1636,36
mirandese,icelandic,1.3,0.6325,0.4,13
mirandese,english,2.875,3.4254,11.7333,46
mirandese,scots,1.2857,NaN,0,18
mirandese,frisian,1.6,0.2582,0.0667,24
mirandese,german,2.8667,3.5214,12.4,43
mirandese,wymysorys,1.6667,0.5774,0.3333,20
mirandese,luxembourgish,1.1538,0.0,0,15
mirandese,greek,2.6,3.171,10.0556,26
mirandese,sanskrit,4.5455,4.1539,17.2545,50
mirandese,awadhi,3.5,5.3329,28.4396,49
mirandese,hindi,1.5882,0.2425,0.0588,27
mirandese,nepali,4.5,4.8408,23.4333,45
mirandese,romanian,3.7692,3.8647,14.9359,49
mirandese,italian,1.5714,0.0,0,11
mirandese,ligurian,1.4286,0.7559,0.5714,10
mirandese,french,1.625,0.0,0,26
mirandese,friulian,1.8,1.0801,1.1667,18
mirandese,catalan,1.4444,0.0,0,13
mirandese,occitan,1.25,0.0,0,10
mirandese,spanish,3.4,3.8987,15.2,17
mirandese,galician,2.4,1.9465,3.7889,24
mirandese,portuguese,1.3636,0.0,0,15
spanish,albanian,2.2727,1.6011,2.5636,25
spanish,armenian,2.3,2.8067,7.8778,23
spanish,latgalian,2.2,1.6193,2.6222,22
spanish,latvian,1.8333,1.446,2.0909,22
spanish,lithuanian,2.0,1.446,2.0909,22
spanish,russian,2.3333,2.3452,5.5,21
spanish,ukrainian,2.6154,2.619,6.859,34
spanish,bulgarian,2.5,2.2697,5.1515,30
spanish,macedonian,1.8,1.5776,2.4889,18
spanish,croatian,2.2857,1.7043,2.9048,16
spanish,slovene,2.3,2.0976,4.4,23
spanish,czech,1.9167,1.4434,2.0833,23
spanish,slovak,3.3333,3.5675,12.7273,40
spanish,polish,2.3636,1.5783,2.4909,26
spanish,breton,1.8,1.567,2.4556,18
spanish,welsh,1.4615,0.4385,0.1923,19
spanish,irish,3.2667,4.1312,17.0667,49
spanish,norwegian,2.0588,1.6156,2.6103,35
spanish,danish,4.1429,5.9743,35.6923,58
spanish,swedish,1.875,1.25,1.5625,30
spanish,faroese,2.0909,1.446,2.0909,23
spanish,icelandic,1.8571,1.8645,3.4762,13
spanish,english,1.8333,1.149,1.3203,33
spanish,scots,1.8571,1.4469,2.0934,26
spanish,frisian,1.7333,0.5936,0.3524,26
spanish,german,1.6667,1.1504,1.3235,30
spanish,wymysorys,2.0,1.4469,2.0934,28
spanish,luxembourgish,1.2667,0.414,0.1714,19
spanish,greek,3.0,2.6352,6.9444,27
spanish,sanskrit,3.1818,3.0807,9.4909,35
spanish,awadhi,5.5,6.9634,48.489,77
spanish,hindi,1.8889,1.2472,1.5556,34
spanish,nepali,2.0909,1.2863,1.6545,23
spanish,romanian,2.5,1.9158,3.6703,35
spanish,italian,2.5,2.2998,5.2889,25
spanish,ligurian,2.2222,2.9907,8.9444,20
spanish,french,2.2778,1.6647,2.7712,41
spanish,friulian,2.0909,1.8141,3.2909,23
spanish,catalan,2.9,2.2211,4.9333,29
spanish,occitan,2.7778,2.1213,4.5,25
spanish,mirandese,3.4,3.8987,15.2,17
spanish,galician,1.625,1.4079,1.9821,13
spanish,portuguese,1.9,1.5776,2.4889,19
galician,albanian,1.5714,0.8018,0.6429,22
galician,armenian,3.0,3.5377,12.5152,36
galician,latgalian,4.0,2.6667,7.1111,40
galician,latvian,2.5833,2.9886,8.9318,31
galician,lithuanian,3.5833,2.6799,7.1818,43
galician,russian,3.1667,2.2747,5.1742,38
galician,ukrainian,4.4545,4.98,24.8,49
galician,bulgarian,3.2727,2.8794,8.2909,36
galician,macedonian,3.5,4.1662,17.3571,28
galician,croatian,4.4286,2.9921,8.9524,31
galician,slovene,2.4286,1.976,3.9048,17
galician,czech,2.0,1.804,3.2545,22
galician,slovak,4.3333,4.4313,19.6364,52
galician,polish,3.125,3.4122,11.6429,25
galician,breton,1.5,1.2649,1.6,15
galician,welsh,1.7273,1.2136,1.4727,19
galician,irish,3.9444,4.5277,20.5,71
galician,norwegian,1.6471,0.8745,0.7647,28
galician,danish,1.7,0.9718,0.9444,17
galician,swedish,3.3846,3.1317,9.8077,44
galician,faroese,3.6,4.5995,21.1556,36
galician,icelandic,6.7143,3.1997,10.2381,47
galician,english,1.7778,0.9852,0.9706,32
galician,scots,2.0,1.4944,2.2333,20
galician,frisian,1.5333,0.2582,0.0667,23
galician,german,1.625,1.0308,1.0625,26
galician,wymysorys,1.9167,1.0,1.0,23
galician,luxembourgish,1.1667,0.2887,0.0833,14
galician,greek,4.0,2.4404,5.9556,40
galician,sanskrit,1.6364,0.9342,0.8727,18
galician,awadhi,2.0,0.9661,0.9333,20
galician,hindi,1.7143,0.3631,0.1319,24
galician,nepali,3.2308,3.2106,10.3077,42
galician,romanian,5.2727,5.1734,26.7636,58
galician,italian,1.75,1.0607,1.125,14
galician,ligurian,4.0,4.0708,16.5714,32
galician,french,2.1429,1.286,1.6538,30
galician,friulian,1.3333,0.0,0,8
galician,catalan,2.5,2.0,4,15
galician,occitan,2.4286,1.976,3.9048,17
galician,mirandese,2.4,1.9465,3.7889,24
galician,spanish,3.75,2.7646,7.6429,30
galician,portuguese,2.1429,1.8898,3.5714,15
portuguese,albanian,1.5833,1.4434,2.0833,19
portuguese,armenian,2.5455,2.3394,5.4727,28
portuguese,latgalian,1.5556,0.441,0.1944,14
portuguese,latvian,3.0,3.5632,12.6964,24
portuguese,lithuanian,1.9091,1.2136,1.4727,21
portuguese,russian,1.9167,1.4434,2.0833,23
portuguese,ukrainian,3.1,4.111,16.9,31
portuguese,bulgarian,2.2,1.6364,2.6778,22
portuguese,macedonian,2.6667,3.6742,13.5,16
portuguese,croatian,2.0,1.2247,1.5,12
portuguese,slovene,2.0,1.3416,1.8,10
portuguese,czech,2.0,2.1002,4.4107,16
portuguese,slovak,5.625,4.8107,23.1429,45
portuguese,polish,2.5,2.846,8.1,25
portuguese,breton,1.8,1.3499,1.8222,18
portuguese,welsh,2.7273,1.9022,3.6182,30
portuguese,irish,2.5789,2.4944,6.2222,49
portuguese,norwegian,2.3333,1.633,2.6667,35
portuguese,danish,1.5455,1.5076,2.2727,17
portuguese,swedish,2.3571,1.4917,2.2253,33
portuguese,faroese,2.1667,1.4848,2.2045,26
portuguese,icelandic,3.5,3.084,9.5111,35
portuguese,english,1.6429,0.9405,0.8846,23
portuguese,scots,1.3333,0.8165,0.6667,8
portuguese,frisian,1.6364,0.6467,0.4182,18
portuguese,german,2.3636,1.3618,1.8545,26
portuguese,wymysorys,2.1111,1.6915,2.8611,19
portuguese,luxembourgish,4.0909,3.673,13.4909,45
portuguese,greek,3.0,2.1213,4.5,30
portuguese,sanskrit,2.25,2.1088,4.447,27
portuguese,awadhi,7.7778,7.0,49.0,70
portuguese,hindi,1.8333,0.9003,0.8106,22
portuguese,nepali,2.2143,1.6458,2.7088,31
portuguese,romanian,3.8182,3.7271,13.8909,42
portuguese,italian,1.2,0.4472,0.2,6
portuguese,ligurian,3.625,4.1662,17.3571,29
portuguese,french,2.4545,2.0715,4.2909,27
portuguese,friulian,2.4,2.6833,7.2,12
portuguese,catalan,2.0,1.7321,3,6
portuguese,occitan,3.6667,2.7325,7.4667,22
portuguese,mirandese,1.3636,0.0,0,15
portuguese,spanish,1.9,1.5776,2.4889,19
portuguese,galician,2.1429,1.8898,3.5714,15
